symbol,token,exchange
Nifty 50,99926000,NSE
Nifty GrowSect 15,99926001,NSE
Nifty50 PR 2x Lev,99926002,NSE
Nifty 500,99926004,NSE
Nifty IT,99926008,NSE
Nifty Bank,99926009,NSE
NIFTY MIDCAP 100,99926011,NSE
Nifty 100,99926012,NSE
Nifty Next 50,99926013,NSE
Nifty Midcap 50,99926014,NSE
HangSeng BeES-NAV,99926016,NSE
India VIX,99926017,NSE
Nifty Realty,99926018,NSE
Nifty Infra,99926019,NSE
Nifty Energy,99926020,NSE
Nifty FMCG,99926021,NSE
Nifty MNC,99926022,NSE
Nifty Pharma,99926023,NSE
Nifty PSE,99926024,NSE
Nifty PSU Bank,99926025,NSE
Nifty Serv Sector,99926026,NSE
Nifty Auto,99926029,NSE
Nifty Metal,99926030,NSE
Nifty Media,99926031,NSE
NIFTY SMLCAP 100,99926032,NSE
Nifty 200,99926033,NSE
Nifty Div Opps 50,99926034,NSE
Nifty Commodities,99926035,NSE
Nifty Consumption,99926036,NSE
Nifty Fin Service,99926037,NSE
Nifty50 Div Point,99926038,NSE
Nifty100 Liq 15,99926040,NSE
Nifty CPSE,99926041,NSE
Nifty50 PR 1x Inv,99926042,NSE
Nifty50 TR 2x Lev,99926043,NSE
Nifty50 TR 1x Inv,99926044,NSE
Nifty50 Value 20,99926045,NSE
Nifty Mid Liq 15,99926046,NSE
Nifty Pvt Bank,99926047,NSE
NIFTY100 Qualty30,99926048,NSE
Nifty GS 8 13Yr,99926049,NSE
Nifty GS 10Yr,99926050,NSE
Nifty GS 10Yr Cln,99926051,NSE
Nifty GS 4 8Yr,99926052,NSE
Nifty GS 11 15Yr,99926053,NSE
Nifty GS 15YrPlus,99926054,NSE
Nifty GS Compsite,99926055,NSE
NIFTY50 EQL Wgt,99926056,NSE
NIFTY100 EQL Wgt,99926057,NSE
NIFTY100 LowVol30,99926058,NSE
NIFTY Alpha 50,99926059,NSE
NIFTY MIDCAP 150,99926060,NSE
NIFTY SMLCAP 50,99926061,NSE
NIFTY SMLCAP 250,99926062,NSE
NIFTY MIDSML 400,99926063,NSE
NIFTY200 QUALTY30,99926064,NSE
NIFTY MID SELECT,99926074,NSE
FACT-EQ,1008,NSE
765GJ29-SG,10233,NSE
NGLFINE-EQ,10277,NSE
KCK-ST,10296,NSE
778ML31-SG,10330,NSE
781HR32A-SG,10331,NSE
SHAREINDIA-EQ,104,NSE
FINCABLES-EQ,1038,NSE
MUTHOOTCAP-EQ,10415,NSE
781HR32B-SG,10461,NSE
781RJ32-SG,10462,NSE
774MZ33-SG,10540,NSE
784TS36-SG,10545,NSE
NAVKARCORP-EQ,10557,NSE
MOM30IETF-EQ,10585,NSE
795TS37-SG,10642,NSE
796AP40-SG,10643,NSE
793RJ45-SG,10645,NSE
774AP31-SG,10647,NSE
UNIONBANK-EQ,10753,NSE
MOQUALITY-EQ,10822,NSE
66UP30-SG,1086,NSE
KORE-SM,10889,NSE
DBOL-EQ,10893,NSE
675KA34-SG,1092,NSE
758AP40-SG,10911,NSE
745BR32-SG,10956,NSE
746TS48-SG,10964,NSE
745SK32-SG,10966,NSE
MEGAFLEX-SM,10971,NSE
RADICO-EQ,10990,NSE
ISHAN-SM,10995,NSE
UCOBANK-EQ,11223,NSE
771AP34-SG,11281,NSE
765RJ32A-SG,11288,NSE
768WB32-SG,11291,NSE
UNIENTER-EQ,11293,NSE
76AP28-SG,11299,NSE
BALAXI-EQ,11309,NSE
87SCL27-Z6,11356,NSE
MAHABANK-EQ,11377,NSE
GICHSGFIN-EQ,1139,NSE
GLAXO-EQ,1153,NSE
BANKBEES-EQ,11439,NSE
783HR32-SG,11507,NSE
TEXINFRA-EQ,11549,NSE
77MH30-SG,11590,NSE
781UP34-SG,11603,NSE
ASTRAMICRO-EQ,11618,NSE
WELENT-EQ,11626,NSE
66PN30-SG,1165,NSE
BOHRAIND-EQ,11640,NSE
789TS36-SG,11696,NSE
786AP33-SG,11759,NSE
783PN42-SG,11769,NSE
78KL45-SG,11770,NSE
GOKEX-EQ,11778,NSE
EVEREADY-EQ,11782,NSE
HPIL-EQ,11796,NSE
ALLDIGI-EQ,11798,NSE
SUKHJITS-EQ,11804,NSE
SSWL-EQ,11829,NSE
CYBERMEDIA-BE,11845,NSE
89SCL24A-ZM,11857,NSE
YESBANK-EQ,11915,NSE
SEMAC-BE,11964,NSE
RML-EQ,11975,NSE
BASML-BE,12037,NSE
SCPL-EQ,12072,NSE
739ML26-SG,12289,NSE
GRASIM-EQ,1232,NSE
77HR34-SG,12303,NSE
67JK32-SG,1253,NSE
744HR27-SG,12657,NSE
MBAPL-EQ,12686,NSE
DJML-EQ,12749,NSE
676MP40-SG,1012,NSE
SHYAMCENT-BE,10192,NSE
793TS34-SG,10204,NSE
795AP38-SG,10214,NSE
795AP40A-SG,10255,NSE
79HR34-SG,10332,NSE
794PN42-SG,10333,NSE
803AP36-SG,10355,NSE
78GJ32A-SG,10367,NSE
KSHITIJPOL-EQ,10407,NSE
UFLEX-EQ,1053,NSE
MOHEALTH-EQ,10508,NSE
765BR32-SG,10529,NSE
LOYALTEX-EQ,10590,NSE
GUJENERGY-EQ,10599,NSE
754AS28-SG,10646,NSE
777HR32-SG,10652,NSE
726GS2032-GS,10722,NSE
FOSECOIND-EQ,1073,NSE
ZENSARTECH-EQ,1076,NSE
774TS45-SG,10783,NSE
753AS32-SG,10906,NSE
758AP42-SG,10913,NSE
75HP37-SG,10961,NSE
SIRCA-EQ,11050,NSE
JSL-EQ,11236,NSE
749GJ26-SG,11273,NSE
769BR32-SG,11282,NSE
TVSELECT-EQ,11265,NSE
865SCL24B-Z8,11365,NSE
TIPSFILMS-EQ,11374,NSE
776MH30-SG,11390,NSE
779TN32-SG,11405,NSE
RKFORGE-EQ,11411,NSE
783TS36-SG,11415,NSE
CCL-EQ,11452,NSE
785PN42-SG,11515,NSE
ULTRACEMCO-EQ,11532,NSE
TCS-EQ,11536,NSE
PPLPHARMA-EQ,11571,NSE
773BR32-SG,11598,NSE
DWARKESH-EQ,11667,NSE
79NHIT47-N3,11669,NSE
778MH30-SG,11678,NSE
OMFURN-SM,117,NSE
793WB37-SG,11698,NSE
JSWSTEEL-EQ,11723,NSE
JINDALPHOT-EQ,11743,NSE
750IRFC35-NK,11757,NSE
775AP29-SG,11760,NSE
MANGALAM-EQ,11817,NSE
PRIMESECU-EQ,11864,NSE
785HP36-SG,11870,NSE
787HP34-SG,11886,NSE
767AS32-SG,11980,NSE
76NHAI31-NA,12003,NSE
RUSTOMJEE-EQ,12219,NSE
77BR32-SG,12300,NSE
769GA32A-SG,12301,NSE
763TS43-SG,12321,NSE
763TN47-SG,12345,NSE
666KA32-SG,1248,NSE
AAATECH-EQ,12533,NSE
757HR30-SG,12664,NSE
76GJ32-SG,12667,NSE
PRITIKA-SM,12971,NSE
360ONE-EQ,13061,NSE
VIMTALABS-EQ,13101,NSE
763HP37-SG,13127,NSE
763KA40-SG,13134,NSE
ENIL-EQ,13192,NSE
GVKPIL-BE,13229,NSE
76KA32-SG,13245,NSE
BLKASHYAP-EQ,13290,NSE
VARDHACRLC-BE,13403,NSE
NITCO-EQ,13300,NSE
763PY32-SG,13382,NSE
BHAGERIA-BE,13427,NSE
KELLTONTEC-EQ,13430,NSE
939SCL27-ZZ,13492,NSE
GMRAIRPORT-EQ,13528,NSE
64AP28-SG,1362,NSE
SGBDE30III-GB,13642,NSE
HINDCOMPOS-EQ,1372,NSE
DUCOL-SM,13766,NSE
BAIDFIN-EQ,13794,NSE
KAMOPAINTS-EQ,13814,NSE
CREST-EQ,13900,NSE
77HP38-SG,13901,NSE
766WB39-SG,13906,NSE
656KA30-SG,14,NSE
763GJ32-SG,13916,NSE
765GJ33-SG,13964,NSE
HYBRIDFIN-BE,12814,NSE
LUMAXTECH-EQ,14014,NSE
980SFIL28-NL,14032,NSE
1030SFIL28-NM,14034,NSE
SARVESHWAR-EQ,12913,NSE
DHARMAJ-EQ,13001,NSE
SAFARI-EQ,13035,NSE
NAHARINDUS-EQ,13106,NSE
74ML27-SG,13118,NSE
COMMOIETF-EQ,13198,NSE
767WB37-SG,13237,NSE
767JH37-SG,13257,NSE
SOLARINDS-EQ,13332,NSE
757GJ31-SG,13369,NSE
SGL-EQ,13367,NSE
HEROMOTOCO-EQ,1348,NSE
ELIN-EQ,13423,NSE
AKASH-EQ,13510,NSE
RBMINFRA-SM,13570,NSE
ANTELOPUS-EQ,13598,NSE
764GA38-SG,13619,NSE
SKYGOLD-EQ,13631,NSE
66MN30-SG,1368,NSE
HCC-EQ,1375,NSE
INSPIRISYS-BE,13734,NSE
757GJ32-SG,13773,NSE
668AP33-SG,1378,NSE
TORNTPOWER-EQ,13786,NSE
674TS50-SG,1386,NSE
JINDRILL-EQ,13875,NSE
ARISTO-SM,13926,NSE
766AP32-SG,13958,NSE
769AS33-SG,13959,NSE
768TS42-SG,13993,NSE
SANGHVIMOV-EQ,14058,NSE
GLOBAL-EQ,1415,NSE
755TN53-SG,14117,NSE
771AS33-SG,14160,NSE
766UP33-SG,14162,NSE
762MN35-SG,14165,NSE
NINSYS-EQ,14194,NSE
TIIL-EQ,14223,NSE
HDFCMID150-EQ,14236,NSE
TVSSRICHAK-EQ,14245,NSE
771AP33-SG,14270,NSE
765HR33A-SG,14272,NSE
ORIENTBELL-EQ,14278,NSE
753TN53-SG,14280,NSE
HDFC2638RQ-MF,14332,NSE
774MH33-SG,14378,NSE
SANOFI-EQ,1442,NSE
PAGEIND-EQ,14413,NSE
77MH33-SG,14425,NSE
SYSTANGO-SM,14506,NSE
766MH33-SG,14549,NSE
CHEMBOND-BE,14620,NSE
766HR29-SG,14635,NSE
777RJ33-SG,14642,NSE
774WB41-SG,14655,NSE
965SCL28-AK,14704,NSE
HFMPM23DQD-MF,14733,NSE
HFMPM23RGR-MF,14735,NSE
021NSETEST-EQ,14751,NSE
061NSETEST-EQ,14762,NSE
161NSETEST-EQ,14784,NSE
SPARC-EQ,14788,NSE
775NL33-SG,14821,NSE
777HR33-SG,14825,NSE
781UP34A-SG,14830,NSE
ALPA-EQ,14848,NSE
USK-EQ,14871,NSE
ASIANTILES-EQ,14889,NSE
CENTRALBK-EQ,14894,NSE
CSBBANK-EQ,14966,NSE
CENTUM-EQ,14982,NSE
ASTERDM-EQ,1508,NSE
SOTAC-SM,14993,NSE
761TS44-SG,15106,NSE
KAUSHALYA-BE,15140,NSE
PATTECH-SM,15137,NSE
HITECHCORP-BE,15165,NSE
INDIAGLYCO-EQ,1521,NSE
INDIANHUME-EQ,1530,NSE
PPAP-BE,15213,NSE
SHALPAINTS-BE,15346,NSE
PDMJEPAPER-EQ,15377,NSE
ACL-EQ,15420,NSE
DENEERS-SM,15449,NSE
739TN33-SG,15503,NSE
MILTON-SM,159,NSE
TARC-EQ,1581,NSE
PIGL-EQ,15716,NSE
674UP30-SG,161,NSE
INGERRAND-EQ,1597,NSE
PRINCEPIPE-EQ,16045,NSE
736AP34-SG,16066,NSE
TATAINVEST-EQ,1621,NSE
736WB43-SG,16379,NSE
732TS49-SG,16397,NSE
ANDHRAPAP-EQ,166,NSE
651KA30B-SG,1650,NSE
ITC-EQ,1660,NSE
BAJAJ-AUTO-EQ,16669,NSE
BAJAJFINSV-EQ,16675,NSE
GHCLTEXTIL-EQ,16696,NSE
HGINFRA-EQ,1672,NSE
UBL-EQ,16713,NSE
725GS2063-GS,16733,NSE
KDL-SM,16758,NSE
LOTUSEYE-EQ,16807,NSE
QNIFTY-EQ,16819,NSE
801TCH28-N7,16838,NSE
74AP32-SG,16923,NSE
734TN43-SG,16939,NSE
662UP30-SG,1695,NSE
ASHOKAMET-EQ,16943,NSE
742CG31-SG,16976,NSE
MAGSON-SM,17088,NSE
747KL42-SG,17104,NSE
743TS50-SG,17115,NSE
SHRIPISTON-EQ,17186,NSE
744TS39-SG,17224,NSE
651KA30C-SG,1727,NSE
664PY32-SG,1730,NSE
SETFGOLD-EQ,17272,NSE
737BR30-SG,17322,NSE
736KL38-SG,17327,NSE
718GS2037-GS,17398,NSE
741MN35-SG,17458,NSE
SENSEXADD-EQ,17613,NSE
744AP43-SG,17669,NSE
GPTINFRA-EQ,17685,NSE
QUESS-EQ,17704,NSE
TREL-EQ,17795,NSE
GILLANDERS-EQ,17839,NSE
GODREJPROP-EQ,17875,NSE
VINSYS-ST,17905,NSE
ABBOTINDIA-EQ,17903,NSE
TRF-EQ,17987,NSE
BPF02D3R-MF,18008,NSE
ADVENZYMES-EQ,18039,NSE
BPF02D5R-MF,18062,NSE
BPF02IMD-MF,18065,NSE
751PN36-SG,18087,NSE
BPF02IQR-MF,18093,NSE
BPF02RGG-MF,18160,NSE
BPF02RWR-MF,18163,NSE
BPF01D3R-MF,18168,NSE
IFD3DPD-MF,18176,NSE
FICRF3DP-MF,18178,NSE
FICRF3GP-MF,18179,NSE
FISTIP3MDP-MF,18183,NSE
HFMPCC75RD-MF,18192,NSE
ORIENTLTD-BE,18211,NSE
645GJ30A-SG,1827,NSE
AEROFLEX-EQ,18268,NSE
BIGBLOC-EQ,18431,NSE
ISFT-EQ,18479,NSE
940CAGL27-NB,18480,NSE
748AP38A-SG,18518,NSE
748PN34-SG,18521,NSE
748UK33-SG,18532,NSE
746GA38-SG,18522,NSE
746MH33-SG,18531,NSE
664JK36-SG,1863,NSE
HPL-EQ,18679,NSE
745HR35A-SG,18680,NSE
741JK53-SG,18687,NSE
746GA33-SG,18696,NSE
ALCODIS-SM,18762,NSE
661UP31-SG,1891,NSE
980SCL33A-N3,18904,NSE
746RJ33-SG,18939,NSE
STYRENIX-EQ,19,NSE
661RJ31-SG,1896,NSE
744WB42-SG,19000,NSE
KIRLOSIND-EQ,19025,NSE
PODDARMENT-EQ,19036,NSE
NBIFIN-EQ,19111,NSE
875NHAI29-N6,192,NSE
752TN33-SG,19162,NSE
756UP35-SG,19168,NSE
SGBJAN29IX-GB,1920,NSE
MOM50-EQ,19289,NSE
HISARMETAL-EQ,19322,NSE
AHLWEST-BE,19370,NSE
SPCENET-EQ,19372,NSE
KSB-EQ,1949,NSE
ROSSARI-EQ,19410,NSE
SCML-SM,19469,NSE
762RJ43-SG,19518,NSE
HDFCGOLD-EQ,19543,NSE
761AP43-SG,19552,NSE
IRMENERGY-EQ,19597,NSE
771RJ33-SG,19617,NSE
RCDL-SM,19681,NSE
733GS2026-GS,19685,NSE
775TS37-SG,19725,NSE
774RJ39-SG,19728,NSE
77AP43-SG,19730,NSE
GPPL-EQ,19731,NSE
948SCL26-N9,19768,NSE
AMNPLST-EQ,19867,NSE
ESAFSFB-BE,19884,NSE
77MH34-SG,19899,NSE
DMART-EQ,19913,NSE
LICHSGFIN-EQ,1997,NSE
KILITCH-BE,19941,NSE
876HUDCO28-ND,19968,NSE
714BR30-SG,20016,NSE
764NABAR31-N2,20034,NSE
940SCL26A-NK,20045,NSE
661RJ31A-SG,2016,NSE
663WB31-SG,2022,NSE
AKSHARCHEM-BE,20194,NSE
768AR33-SG,20244,NSE
657GJ29-SG,20279,NSE
SHAH-EQ,20296,NSE
718AP28-SG,20309,NSE
RESPONIND-EQ,20323,NSE
768TN30B-SG,20335,NSE
775GA33-SG,20348,NSE
779PN36-SG,20356,NSE
773AP32A-SG,20391,NSE
772HR33-SG,20393,NSE
777PN36-SG,20397,NSE
NACLIND-EQ,20425,NSE
774AS33A-SG,20476,NSE
766GJ30A-SG,20479,NSE
PRESSTONIC-SM,20498,NSE
GRAVITA-EQ,20534,NSE
SJLOGISTIC-SM,20542,NSE
764AR30-SG,20570,NSE
802ABHF28-N1,20588,NSE
PENIND-EQ,20621,NSE
935LTF29-N5,20643,NSE
656AP31-SG,20666,NSE
714GA30-SG,20667,NSE
SCHAND-EQ,20698,NSE
754AS28A-SG,20722,NSE
762KL38-SG,20739,NSE
878MFL27-NH,20749,NSE
HUDCO-EQ,20825,NSE
779SIDBI27-N0,20843,NSE
717HR30-SG,20849,NSE
722AS30-SG,20850,NSE
686TS41-SG,2095,NSE
717KA30-SG,20918,NSE
767UK33A-SG,20931,NSE
719JK29-SG,20959,NSE
798AP31-SG,20961,NSE
793KA31-SG,20965,NSE
TECHLABS-SM,21078,NSE
BFINVEST-EQ,21113,NSE
695AS30-SG,21162,NSE
9HFL34-N0,21233,NSE
78NABARD27-N0,21239,NSE
776KL35-SG,21272,NSE
777HR36-SG,21276,NSE
704MZ33-SG,2143,NSE
768JK44-SG,21288,NSE
773BR39A-SG,21539,NSE
761TS32-SG,14088,NSE
769KA40-SG,21540,NSE
655AP28-SG,21549,NSE
HALEOSLABS-EQ,21551,NSE
AUTOIND-BE,14110,NSE
76GJ35-SG,14107,NSE
BTML-EQ,14150,NSE
77HR31-SG,14159,NSE
66RJ30B-SG,1422,NSE
IZMO-EQ,14174,NSE
IMC1-N3,14228,NSE
HDFCSML250-EQ,14233,NSE
766UP33A-SG,14273,NSE
759HP38-SG,14276,NSE
INDIANB-EQ,14309,NSE
HDFC2638DG-MF,14335,NSE
758TS45-SG,14353,NSE
758RJ48-SG,14354,NSE
758KL49-SG,14355,NSE
756TN53-SG,14357,NSE
773HR32-SG,14369,NSE
668KA36-SG,1437,NSE
772BR33A-SG,14375,NSE
774UK33-SG,14376,NSE
UTIRPP36P1-MF,14401,NSE
77AP29-SG,14421,NSE
EMBDL-EQ,14450,NSE
NCLIND-EQ,14490,NSE
VERTEXPLUS-SM,14491,NSE
ICRA-EQ,14523,NSE
769MH31-SG,14531,NSE
773BR33-SG,14534,NSE
774MZ38-SG,14558,NSE
773AP32-SG,14640,NSE
776HP33-SG,14641,NSE
1015SCL28A-AL,14710,NSE
101NSETEST-EQ,14772,NSE
111NSETEST-EQ,14774,NSE
131NSETEST-EQ,14778,NSE
DECCANCE-EQ,14838,NSE
IFBIND-EQ,1485,NSE
NAGREEKCAP-EQ,14942,NSE
771AP33A-SG,14959,NSE
706GS2028-GS,14970,NSE
736MH28-SG,15009,NSE
749MH30-SG,15015,NSE
INFINIUM-SM,15036,NSE
759RJ48-SG,15109,NSE
654GA30A-SG,1516,NSE
TARIL-EQ,15174,NSE
VIRINCHI-EQ,15295,NSE
746TS48A-SG,15333,NSE
EIHAHOTELS-EQ,15399,NSE
APCOTEXIND-EQ,154,NSE
GILLETTE-EQ,1576,NSE
732TN33-SG,16029,NSE
739MN35-SG,16250,NSE
743MZ37-SG,16268,NSE
PANACHE-BE,16355,NSE
737PN38-SG,16367,NSE
CRAYONS-SM,16419,NSE
734AS33A-SG,16645,NSE
733AP42-SG,16653,NSE
SILVERAG-EQ,16777,NSE
ARCHIDPLY-EQ,16795,NSE
VINYLINDIA-EQ,16821,NSE
LPDC-EQ,16863,NSE
SPECTSTM-SM,16876,NSE
74CG30-SG,16974,NSE
74TS45-SG,16994,NSE
739RJ48-SG,16995,NSE
739KL52-SG,16998,NSE
JAYBARMARU-EQ,1708,NSE
617KL27-SG,1709,NSE
744TN33A-SG,17119,NSE
66WB30-SG,1721,NSE
744RJ33-SG,17122,NSE
PENTAGON-SM,17132,NSE
665TR35-SG,1738,NSE
TRIDHYA-ST,17215,NSE
742TN33-SG,17221,NSE
ASPINWALL-EQ,17270,NSE
BANKETF-EQ,17419,NSE
925SCL28I-BA,17546,NSE
665PN50A-SG,1757,NSE
SUNTECK-EQ,17641,NSE
745AP33-SG,17643,NSE
745AP40A-SG,17668,NSE
743TN43-SG,17670,NSE
VIJIFIN-BE,17695,NSE
BAFNAPH-BE,17735,NSE
GROBTEA-EQ,17770,NSE
747TS32-SG,17834,NSE
DBCORP-EQ,17881,NSE
ORIANA-SM,17882,NSE
HINDCOPPER-EQ,17939,NSE
COHANCE-EQ,17945,NSE
PGIMCSA2D-MF,17986,NSE
749HR33-SG,18081,NSE
75GA33-SG,18082,NSE
751MN35-SG,18084,NSE
JUBLFOOD-EQ,18096,NSE
KPIL-EQ,1814,NSE
ELECTCAST-W1,18116,NSE
FISTIP3QDP-MF,18196,NSE
FISTIPD3GP-MF,18198,NSE
FISTIPD3QD-MF,18200,NSE
744HR33-SG,18323,NSE
653TN31-SG,1839,NSE
741RJ39-SG,18335,NSE
SANDUMA-EQ,18359,NSE
MONOPHARMA-SM,18392,NSE
744AP33-SG,18400,NSE
CAGL27-NC,18485,NSE
970CAGL28-ND,18487,NSE
EMSLIMITED-EQ,18593,NSE
DIAMINESQ-EQ,18644,NSE
CHAVDA-SM,18654,NSE
664AP39-SG,1866,NSE
744MP35-SG,18703,NSE
NUVAMA-EQ,18721,NSE
DIRL-SM,18769,NSE
MAZDA-BE,18870,NSE
10SCL30A-BV,18868,NSE
657TN31-SG,1890,NSE
VBL-EQ,18921,NSE
749CG30-SG,18932,NSE
SGBMAY28-GB,18972,NSE
JSWINFRA-EQ,19020,NSE
MANAPPURAM-EQ,19061,NSE
SILLYMONKS-EQ,19097,NSE
INSPIRE-SM,19154,NSE
755MP35-SG,19165,NSE
759HR35-SG,19166,NSE
75AP41-SG,19174,NSE
KOTAKBANK-EQ,1922,NSE
749KL45-SG,19178,NSE
HEADSUP-EQ,19205,NSE
LAURUSLABS-EQ,19234,NSE
ARABIAN-SM,19253,NSE
BLISSGVS-BE,19269,NSE
EFACTOR-SM,19267,NSE
THEJO-EQ,19279,NSE
662GA31-SG,1939,NSE
TERASOFT-EQ,19292,NSE
762GJ28-SG,19480,NSE
767GA33-SG,19527,NSE
766AP37-SG,19538,NSE
772MZ38-SG,19539,NSE
PRAKASHSTL-EQ,19599,NSE
769KA33-SG,19615,NSE
77UP33-SG,19616,NSE
768MP34-SG,19619,NSE
PRICOLLTD-EQ,19631,NSE
GOLDIETF-EQ,19679,NSE
773GA33-SG,19717,NSE
774AP36-SG,19724,NSE
768TN30A-SG,19745,NSE
ADFFOODS-EQ,19761,NSE
LGHL-EQ,19876,NSE
MICROPRO-SM,19887,NSE
772TS36-SG,19902,NSE
812REC27-NI,19924,NSE
743REC35-NH,19926,NSE
760PFCL35-N3,19976,NSE
72KA31-SG,20017,NSE
HEALTHX-EQ,20063,NSE
INFRABEES-EQ,20072,NSE
61CG27-SG,2013,NSE
711AS30-SG,20100,NSE
ASKAUTOLTD-EQ,20152,NSE
772AP38-SG,20183,NSE
662RJ41-SG,2020,NSE
663HP31-SG,2021,NSE
774RJ33A-SG,20394,NSE
CIFCZC28-NH,20445,NSE
763JK53A-SG,20483,NSE
BBNPPGOLD-EQ,20547,NSE
644GJ29-SG,20601,NSE
655AS30-SG,20653,NSE
905LTF27-NF,20687,NSE
763AR33-SG,20734,NSE
645RJ27-SG,2071,NSE
852LTF27-NG,20689,NSE
706AP30-SG,20737,NSE
763WB38-SG,20743,NSE
771JK48-SG,20746,NSE
IRBINVIT-IV,20817,NSE
ZEELEARN-BE,20856,NSE
813PNBH33-N0,20903,NSE
672GA30-SG,20913,NSE
722AS29-SG,20915,NSE
766TN33-SG,20928,NSE
JALAN-ST,20930,NSE
765UP34-SG,20943,NSE
772JK43-SG,20947,NSE
RKDL-EQ,20950,NSE
990SCL26B-Y7,20995,NSE
SCLZC26F-Y9,21003,NSE
925SCL28B-YC,21016,NSE
STOVEKRAFT-EQ,2107,NSE
1025SCL33-YJ,21030,NSE
980SCL33B-YL,21044,NSE
INNOVACAP-EQ,21062,NSE
STARCEMENT-EQ,21091,NSE
SAIFL-SM,21096,NSE
688AP34-SG,21138,NSE
747GJ28-SG,21152,NSE
KLL-SM,21186,NSE
730AS29-SG,21213,NSE
728GJ29-SG,21214,NSE
NIFTYAXIS-EQ,21252,NSE
766GJ32-SG,21264,NSE
DYNPRO-EQ,21314,NSE
840CIFCL27-NI,21325,NSE
PALASHSECU-EQ,21383,NSE
649KA30-SG,21390,NSE
MFSL-EQ,2142,NSE
THEINVEST-EQ,21427,NSE
APS-SM,21451,NSE
771REC27-NJ,21470,NSE
764REC34-NK,21485,NSE
840TPL28-N2,21624,NSE
730JK29-SG,21651,NSE
DIXON-EQ,21690,NSE
ICICIGI-EQ,21770,NSE
MPTODAY-SM,21792,NSE
CADSYS-ST,21824,NSE
TEXRAIL-EQ,21828,NSE
763GJ33-SG,21856,NSE
655KL30-SG,21901,NSE
609KA28-SG,21930,NSE
719MP40-SG,21967,NSE
664MP30-SG,21971,NSE
717MP35-SG,21973,NSE
66MZ30-SG,22017,NSE
697RJ30-SG,22057,NSE
718RJ29-SG,22060,NSE
678RJ30-SG,22063,NSE
788RJ32-SG,22065,NSE
670RJ50-SG,22070,NSE
714RJ30-SG,22074,NSE
655RJ30-SG,22079,NSE
710UP30-SG,22083,NSE
765UP30-SG,22086,NSE
719UP29-SG,22092,NSE
690UP30-SG,22093,NSE
669UP30-SG,22097,NSE
721TR29-SG,22139,NSE
731WB34-SG,22141,NSE
715WB35-SG,22150,NSE
730WB29-SG,22152,NSE
662JK30-SG,22180,NSE
679JK30-SG,22182,NSE
699TS28-SG,22190,NSE
SFMP6GD-MF,10055,NSE
726JH27-SG,22196,NSE
705JH30-SG,22198,NSE
799TS30-SG,22205,NSE
731TS60-SG,22206,NSE
675KA35-SG,1006,NSE
68JK35-SG,1009,NSE
SETFNIF50-EQ,10176,NSE
714KA29-SG,22218,NSE
685WB30-SG,22219,NSE
757BOB24-N0,22234,NSE
648HR40-SG,22299,NSE
794AP34-SG,10206,NSE
795AP39-SG,10215,NSE
776HP30-SG,10235,NSE
SYNGENE-EQ,10243,NSE
662WB35-SG,22341,NSE
663KA30-SG,22410,NSE
TOTAL-EQ,22423,NSE
668AP39-SG,22455,NSE
AARON-EQ,1030,NSE
792AP42A-SG,10257,NSE
792TS45-SG,10272,NSE
SGBDE31III-GB,22476,NSE
765GA34-SG,22496,NSE
766RJ34-SG,22497,NSE
PKTEA-EQ,10321,NSE
797AP39-SG,10336,NSE
802MZ36-SG,10374,NSE
885MFL29-NJ,22513,NSE
CIF27-NM,22553,NSE
860HFL29-N1,22564,NSE
751CG32-SG,22609,NSE
749MH36-SG,22617,NSE
749AP39-SG,22618,NSE
768SIDB27-N2,22668,NSE
798RJ42-SG,10381,NSE
802WB37-SG,10384,NSE
LUPIN-EQ,10440,NSE
744AP39-SG,22701,NSE
749BR39-SG,22702,NSE
890NCPL28-N1,22737,NSE
764TN29-SG,10452,NSE
POWERMECH-EQ,10473,NSE
806JK37-SG,10477,NSE
768AS32-SG,10528,NSE
747CG30A-SG,22743,NSE
748KA33-SG,22746,NSE
748RJ34-SG,22748,NSE
745KA40-SG,22757,NSE
745JK54-SG,22760,NSE
746PN33-SG,22865,NSE
744WB44-SG,22874,NSE
742KA39-SG,22880,NSE
789HP37-SG,10551,NSE
782AP42-SG,10555,NSE
MPSLTD-EQ,10578,NSE
832TPL28-N6,22893,NSE
PLATIND-EQ,22930,NSE
HDFCNEXT50-EQ,10619,NSE
OLECTRA-EQ,10637,NSE
MUNJALSHOW-EQ,2307,NSE
738CG32-SG,23078,NSE
738CG34-SG,23080,NSE
773GJ32-SG,10648,NSE
PONNIERODE-EQ,10661,NSE
NIFTYQLITY-EQ,10690,NSE
738KL44-SG,23099,NSE
795NIIF36-N2,23140,NSE
SIGNORIA-ST,23150,NSE
765BR32A-SG,10721,NSE
INFRAIETF-EQ,10723,NSE
NCC-EQ,2319,NSE
MOREALTY-EQ,23184,NSE
748NL34-SG,23199,NSE
745KA37-SG,23205,NSE
761TN32-SG,10852,NSE
762BR32-SG,10854,NSE
JUNIORBEES-EQ,10939,NSE
TMB-EQ,10945,NSE
745WB42-SG,23211,NSE
925SCL29-YZ,23305,NSE
746MH41-SG,23330,NSE
754KL55-SG,23339,NSE
GARFIBRES-EQ,1100,NSE
747CG32-SG,23343,NSE
752GA39-SG,23357,NSE
NAMAN-SM,23379,NSE
ASPIRE-SM,23396,NSE
68TS50A-SG,1098,NSE
749HP34-SG,10959,NSE
74GS2062-GS,10981,NSE
LIBAS-EQ,11082,NSE
SUMIT-EQ,11140,NSE
ANNAPURNA-SM,11198,NSE
CGRAPHICS-SM,23468,NSE
75AS34-SG,23494,NSE
744MH42A-SG,23496,NSE
DREDGECORP-EQ,11271,NSE
767HR32-SG,11284,NSE
771MN32-SG,11286,NSE
SUVEN-EQ,11233,NSE
734GS2064-GS,23558,NSE
BIRDYS-SM,23559,NSE
754AS34-SG,23631,NSE
753PN36-SG,23635,NSE
UPL-EQ,11287,NSE
MUKANDLTD-EQ,11325,NSE
AFFLE-EQ,11343,NSE
859CIFCL29-NT,23658,NSE
AAFS27C-N4,23669,NSE
748ML34-SG,23675,NSE
747AP37A-SG,23677,NSE
GIPCL-EQ,1145,NSE
EMIL-EQ,11530,NSE
742TS48-SG,23683,NSE
INDGN-EQ,23693,NSE
REFRACTORY-SM,23718,NSE
745AP40B-SG,23755,NSE
654RJ30A-SG,1160,NSE
DCI-EQ,11566,NSE
FORCEMOT-EQ,11573,NSE
72GA31-SG,2386,NSE
741AP47-SG,23759,NSE
902MFL27-NO,23768,NSE
MIDSMALL-EQ,23855,NSE
66AS30-SG,1163,NSE
672KA33-SG,1166,NSE
79NHIT40-N2,11665,NSE
72UP31-SG,2387,NSE
736RJ37-SG,23877,NSE
737MZ39-SG,23878,NSE
737WB40-SG,23880,NSE
774HR29-SG,11676,NSE
782TN32-SG,11693,NSE
GOYALALUM-EQ,11787,NSE
734RJ45-SG,23881,NSE
734AP48-SG,23883,NSE
GSMFOILS-SM,23888,NSE
770RECL26-NR,23896,NSE
IIFL-EQ,11809,NSE
NH-EQ,11840,NSE
787MZ36-SG,11873,NSE
784HP37-SG,11874,NSE
1003SCL31-ZQ,23967,NSE
1075SCL34-ZR,23970,NSE
817TFSIL27-N3,23980,NSE
745NL34-SG,24000,NSE
735KA40-SG,2404,NSE
78TN42-SG,11877,NSE
MSPL-EQ,11919,NSE
AMIABLE-SM,11939,NSE
TOP100CASE-EQ,24081,NSE
723WB41-SG,2414,NSE
SASKEN-EQ,11983,NSE
957IIFLS27-NA,24137,NSE
1003IIFL29-NC,24141,NSE
734WB42-SG,24197,NSE
842GIL27-N0,24253,NSE
DPEL-SM,24286,NSE
KAYNES-EQ,12092,NSE
RAILTEL-EQ,2431,NSE
766KA42-SG,12313,NSE
VSTTILLERS-EQ,24292,NSE
816LTFH27-N0,24302,NSE
742KL46-SG,24342,NSE
CONSUMBEES-EQ,2435,NSE
823SFL34-N0,24370,NSE
TEAMLEASE-EQ,12716,NSE
NOCIL-EQ,2442,NSE
736RJ46-SG,24423,NSE
AGIIL-EQ,24445,NSE
VASA-SM,1274,NSE
ADL-EQ,245,NSE
735JK51-SG,24492,NSE
KATARIA-SM,24528,NSE
835TPL27-N0,24556,NSE
TRIVENI-EQ,13081,NSE
SILVER1-EQ,13082,NSE
AIAENG-EQ,13086,NSE
757AS32-SG,13112,NSE
738PGCIL34-N0,24560,NSE
735AS39-SG,24567,NSE
727MH34-SG,24647,NSE
741GS2036-GS,13194,NSE
735JK46-SG,24659,NSE
724TN30-SG,24665,NSE
830SICC27-N0,24723,NSE
HDFCBANK-EQ,1333,NSE
755GJ30-SG,13366,NSE
CEIGALL-EQ,24742,NSE
729JK45-SG,24761,NSE
729TS40-SG,24766,NSE
SGBN28VIII-GB,1342,NSE
894SCL27-ZY,13487,NSE
UNIECOM-EQ,24809,NSE
849ABSLI34-N0,24819,NSE
781TCHE27-N0,24883,NSE
724WB42-SG,24889,NSE
965SCL25C-N0,13497,NSE
NECCLTD-BE,13533,NSE
VIDHIING-EQ,13536,NSE
TECHM-EQ,13538,NSE
845NOM27A-N0,24903,NSE
INTERARCH-EQ,24909,NSE
FORCAS-ST,24917,NSE
QVCEL-SM,24957,NSE
HGM-EQ,13592,NSE
GOLDKART-SM,13616,NSE
ANANTRAJ-EQ,13620,NSE
ELECON-EQ,13643,NSE
TALBROAUTO-EQ,13648,NSE
VISHWARAJ-EQ,13702,NSE
722HPCL29-N0,25014,NSE
TREEHOUSE-EQ,25082,NSE
724MH40-SG,25098,NSE
730PFCL34-N0,25123,NSE
747SIDBI29-N0,25132,NSE
759AP33-SG,13717,NSE
759TS37-SG,13719,NSE
SHYAMTEL-BE,13741,NSE
745ABL34-N0,25143,NSE
MANALIPETC-EQ,13796,NSE
736IRED39-N0,25201,NSE
723MZ38-SG,25218,NSE
MMFL-EQ,13844,NSE
IIFLZC28A-NU,13858,NSE
AARTIPHARM-EQ,13868,NSE
764MH33-SG,13886,NSE
724INBK34-N0,25318,NSE
711BR33-SG,25353,NSE
WCIL-EQ,25403,NSE
757MH31-SG,13913,NSE
PRAENG-EQ,13941,NSE
764HR31-SG,13915,NSE
DECCANTRAN-SM,25421,NSE
NORTHARC-EQ,25426,NSE
786TCHFL29-N0,25439,NSE
KALANA-SM,25443,NSE
767MP33-SG,13965,NSE
767NL33A-SG,13967,NSE
TANLA-EQ,13976,NSE
715RJ31-SG,2545,NSE
713RJ39-SG,25474,NSE
712BR33-SG,25493,NSE
712GA34-SG,25498,NSE
ABSLBANETF-EQ,13987,NSE
766RJ43-SG,13994,NSE
726GS2033-GS,14051,NSE
712MH38-SG,25502,NSE
PHOGLOBAL-SM,25513,NSE
925SCL26F-N1,25537,NSE
756TS48-SG,14112,NSE
759TS40A-SG,14167,NSE
SHERA-ST,14176,NSE
CTE-EQ,14218,NSE
MHHL-SM,1426,NSE
662NL30-SG,1428,NSE
724RJ36-SG,2560,NSE
OSWALSEEDS-EQ,14305,NSE
920HFL30-N0,25622,NSE
TECHERA-SM,25652,NSE
712ML34-SG,25703,NSE
712HR36A-SG,25705,NSE
HVAX-SM,25708,NSE
ORIENTALTL-EQ,14346,NSE
HDFC2638RG-MF,14327,NSE
SAJHOTELS-ST,25715,NSE
SRD-EQ,25737,NSE
878MUTF29-N0,25742,NSE
805HLICL34-N0,25793,NSE
IDEA-EQ,14366,NSE
776MN35-SG,14379,NSE
12VCCL27A-N0,25812,NSE
709KA35-SG,25827,NSE
VINCOFE-EQ,25835,NSE
975SCL29A-N0,25864,NSE
671WB40-SG,1443,NSE
ASTRAL-EQ,14418,NSE
775UP35-SG,14441,NSE
757TN53-SG,14455,NSE
925SCL26G-N0,25866,NSE
700TN29-SG,25886,NSE
1040UCL27B-N1,25916,NSE
713TN34-SG,25956,NSE
GOKULAGRO-EQ,14480,NSE
BANSWRAS-EQ,14511,NSE
NIRAJ-BE,261,NSE
72TS51-SG,2659,NSE
VERA-SM,2666,NSE
FINNIFTY,26037,NSE
GOLDBETA-EQ,14535,NSE
773UP33-SG,14538,NSE
768GJ33-SG,14548,NSE
718MN31-SG,2679,NSE
727MZ33-SG,2683,NSE
865BTL27-N0,27023,NSE
MASTERTR-EQ,27047,NSE
767TN53-SG,14564,NSE
BFUTILITIE-EQ,14567,NSE
KPEL-EQ,27079,NSE
KMEW-EQ,27084,NSE
713TS39-SG,27115,NSE
713HP39-SG,27116,NSE
772HP31-SG,14637,NSE
774MP43-SG,14656,NSE
774WB43-SG,14658,NSE
MTARTECH-BE,2715,NSE
714NHB34-N0,27130,NSE
711TN34-SG,27153,NSE
810GIL28-N0,27160,NSE
NAGREEKEXP-EQ,14702,NSE
HFMPM23RQD-MF,14738,NSE
151NSETEST-EQ,14782,NSE
SIGMAADV-BE,14797,NSE
751SIDBI28-N0,27211,NSE
LAMOSAIC-ST,27225,NSE
679GS2034A-GS,27273,NSE
713BR34B-SG,27319,NSE
775SK33-SG,14822,NSE
783KL39-SG,14840,NSE
OMAXE-EQ,14853,NSE
716UP31-SG,2759,NSE
FLFL-BZ,14868,NSE
KDDL-EQ,14908,NSE
PURVA-EQ,14922,NSE
708TN34-SG,27321,NSE
ROSSTECH-EQ,27353,NSE
719LT34-N0,27376,NSE
KSCL-EQ,14972,NSE
POWERGRID-EQ,14977,NSE
RELIGARE-EQ,15068,NSE
737GR2054-GS,21735,NSE
CAPACITE-EQ,21749,NSE
83645TFS27-N1,21767,NSE
767KA42-SG,21820,NSE
766WB43-SG,21827,NSE
756RJ33-SG,15095,NSE
761RJ43-SG,15105,NSE
TIRUPATI-SM,21868,NSE
773MZ39-SG,21872,NSE
896KL35-SG,21906,NSE
728KL30-SG,21908,NSE
KOLTEPATIL-EQ,15124,NSE
COLPAL-EQ,15141,NSE
703KL30-SG,21915,NSE
699MN30-SG,21922,NSE
657MH31-SG,21936,NSE
783MH30-SG,21940,NSE
KALYANIFRG-EQ,15156,NSE
MANAKSIA-EQ,15199,NSE
727MH30-SG,21942,NSE
657MP30-SG,21975,NSE
735MP29-SG,21982,NSE
689MP35-SG,21983,NSE
ARIES-EQ,15204,NSE
UJJIVANSFB-EQ,15228,NSE
890SFIL23A-NZ,15253,NSE
738GJ30-SG,15260,NSE
652ML30-SG,22009,NSE
720ML30-SG,22010,NSE
72ML29-SG,22011,NSE
711MZ30-SG,22020,NSE
665KA35-SG,1531,NSE
743AP31-SG,15264,NSE
KNRCON-EQ,15283,NSE
722AP30-SG,22030,NSE
722AP31A-SG,22032,NSE
655RJ55-SG,22033,NSE
715RJ30-SG,22054,NSE
718RJ30-SG,22072,NSE
73UP30-SG,22091,NSE
714UP30-SG,22095,NSE
674TN50-SG,22112,NSE
746WB46-SG,15323,NSE
746KL48-SG,15324,NSE
667TS50-SG,1535,NSE
GOLDADD-EQ,15356,NSE
CIFCZC28A-N5,15376,NSE
670TN50-SG,22128,NSE
66TN29-SG,22129,NSE
717CG30-SG,22160,NSE
717UK29-SG,22167,NSE
70TS51-SG,2227,NSE
MANKIND-EQ,15380,NSE
ATAM-EQ,15404,NSE
699JH30-SG,22200,NSE
717PN30-SG,22212,NSE
632KA28-SG,22302,NSE
735AP39-SG,15759,NSE
MINDSPACE-RR,22308,NSE
NXST-RR,15815,NSE
73AP38-SG,16071,NSE
736MP33-SG,16229,NSE
65GA30A-SG,22369,NSE
664KA32-SG,22370,NSE
65RJ30-SG,22372,NSE
65TN30-SG,22374,NSE
SUNDROP-EQ,1663,NSE
DENTALKART-SM,16454,NSE
PROV-SM,16483,NSE
677AP40-SG,22422,NSE
661KA35-SG,22454,NSE
813LTF29-NP,22482,NSE
77SK34-SG,22498,NSE
767WB43-SG,22507,NSE
767WB44-SG,22508,NSE
806SDIL29-N0,22515,NSE
FONEBOX-SM,22517,NSE
729KL51-SG,16655,NSE
SAHANA-SM,16711,NSE
BANDHANBNK-EQ,2263,NSE
86CIFC29-NN,22556,NSE
BAWEJA-ST,22574,NSE
WTICAB-SM,22725,NSE
736AP38-SG,16808,NSE
73GS2053-GS,16865,NSE
AATMAJ-SM,16961,NSE
74MH32-SG,16978,NSE
749NL34-SG,22750,NSE
ESCONET-SM,22764,NSE
760PFC29-N0,22793,NSE
SHARIABEES-EQ,17044,NSE
PALREDTEC-BE,17059,NSE
ESFL-SM,17084,NSE
DEEM-ST,22802,NSE
745CG33-SG,22864,NSE
66RJ30C-SG,1715,NSE
SUMICHEM-EQ,17105,NSE
745AS33-SG,17117,NSE
744RJ34-SG,22867,NSE
SADHAV-SM,22897,NSE
820ABHF27-N5,22925,NSE
PURVFLEXI-SM,22938,NSE
925BCIL28-N0,22962,NSE
7835LIC27-N1,22971,NSE
74MZ39-SG,22985,NSE
74BR39-SG,22986,NSE
CYIENTDLM-EQ,17187,NSE
747HR35-SG,17222,NSE
BLS-EQ,17279,NSE
67JK30-SG,23,NSE
742AS34-SG,22991,NSE
74MH36-SG,22995,NSE
738TN54-SG,23000,NSE
662KA32A-SG,1733,NSE
LLOYDSME-EQ,17313,NSE
UTKARSHBNK-EQ,17358,NSE
753IRED34-NA,23006,NSE
RKSWAMY-EQ,23043,NSE
JGCHEM-EQ,23056,NSE
741GA33-SG,17455,NSE
RTNPOWER-EQ,17520,NSE
1015SCL28B-AZ,17542,NSE
971SCL28I-BC,17564,NSE
GOPAL-EQ,23066,NSE
739HP34-SG,23081,NSE
741HP36-SG,23090,NSE
738PY38-SG,23093,NSE
DAMODARIND-BE,17569,NSE
745KL40-SG,17653,NSE
LTGILTBEES-EQ,17700,NSE
739WB42-SG,23098,NSE
737RJ45-SG,23101,NSE
PRATHAM-SM,23113,NSE
860CIFCL29-NR,23172,NSE
LTM-EQ,17818,NSE
743TS41-SG,17840,NSE
SMCGLOBAL-EQ,2320,NSE
KRYSTAL-EQ,23175,NSE
744TN34A-SG,23193,NSE
745KA35-SG,23201,NSE
669TN30-SG,179,NSE
HDIL-BZ,17920,NSE
BEARDSELL-EQ,17933,NSE
745WB44-SG,23214,NSE
742KL64-SG,23218,NSE
885CIFCL34-NS,23244,NSE
MMTC-EQ,17957,NSE
PGIMCSA4D-MF,17994,NSE
PGIMCSR2G-MF,17996,NSE
PGIMCSR3D-MF,17997,NSE
940SCL27-YS,23291,NSE
971SCL29-Z0,23307,NSE
747CG34A-SG,23347,NSE
752UP39-SG,23356,NSE
BPF02D2G-MF,18006,NSE
SSFL-ST,18059,NSE
BPF02IDR-MF,18063,NSE
752PN35-SG,18083,NSE
1035CCSP26-N2,23390,NSE
LIQUIDADD-EQ,23407,NSE
BLUEPEBBLE-SM,23410,NSE
TRUST-SM,23417,NSE
DBL-EQ,18086,NSE
DBREALTY-EQ,18124,NSE
TVSSCS-EQ,18151,NSE
YASHOPTICS-SM,23451,NSE
ALUWIND-SM,23474,NSE
BHARTIHEXA-EQ,23489,NSE
IF3GPD-MF,18175,NSE
FISTIP3GP-MF,18182,NSE
HFMPCC75DD-MF,18191,NSE
FISTIP3WDP-MF,18197,NSE
AAKASH-EQ,235,NSE
NURECA-BE,2353,NSE
744TS51-SG,23497,NSE
746UP39-SG,23542,NSE
678KA32-SG,182,NSE
749UP34-SG,18210,NSE
MIDCAPBETA-EQ,18347,NSE
NDGL-EQ,18371,NSE
748UP44-SG,23545,NSE
749KL39-SG,23586,NSE
JNKINDIA-EQ,23621,NSE
746MP38-SG,18527,NSE
716GS2050-GS,18561,NSE
LTTS-EQ,18564,NSE
751NHB31-NC,23626,NSE
752RJ34-SG,23633,NSE
FILATFASH-EQ,23647,NSE
850NHAI29-N5,186,NSE
885SCL26-N9,18626,NSE
MARATHON-EQ,18659,NSE
97MOFSL34-N7,23712,NSE
PRLIND-SM,23764,NSE
QUESTLAB-SM,23793,NSE
GODIGIT-EQ,23799,NSE
GRETEX-SM,18741,NSE
664SK31-SG,1888,NSE
KAPSTON-EQ,18967,NSE
8137TCL24-NH,23809,NSE
RULKA-SM,23830,NSE
663WB41-SG,1902,NSE
724AS31-SG,2389,NSE
745KL39-SG,18999,NSE
105IIFL29-N7,19047,NSE
10SCL31A-ZO,23961,NSE
1050SCL31-ZP,23964,NSE
98SCL34-ZS,23972,NSE
663PN51-SG,1910,NSE
754UK33-SG,19163,NSE
76AP34-SG,19164,NSE
762AS33-SG,19186,NSE
ZTECH-SM,23976,NSE
743TN32-SG,24004,NSE
738HR34-SG,24056,NSE
741PN34A-SG,24057,NSE
739PN33-SG,24099,NSE
736HR34-SG,24101,NSE
735TS36-SG,24102,NSE
TI-EQ,19196,NSE
TCIEXP-EQ,19223,NSE
MONIFTY500-EQ,19237,NSE
CHOLAFIN-D1,19257,NSE
733JK51-SG,24105,NSE
807NIIF29-N3,24129,NSE
768SID27-N0,24171,NSE
66KA37-SG,1950,NSE
77UP34-SG,19484,NSE
744IREDA34-N0,24179,NSE
727TN54-SG,24204,NSE
MEDIORG-SM,24239,NSE
VISAMAN-SM,24274,NSE
736SBOI39-N0,24282,NSE
NXT-INFRA-IV,24298,NSE
VRAJ-EQ,24321,NSE
737AP36-SG,24335,NSE
767AS33B-SG,19526,NSE
772TS35-SG,19609,NSE
KARMAENG-EQ,24385,NSE
733GA39-SG,24419,NSE
BLUEJET-EQ,19686,NSE
ONDOOR-SM,19692,NSE
LIQUIDSBI-EQ,19705,NSE
775HR35-SG,19722,NSE
732HR36-SG,24420,NSE
EFFWA-ST,24438,NSE
EVINDIA-EQ,24461,NSE
745RECL35-N0,24502,NSE
763JK53-SG,19742,NSE
SCLZC26C-NB,19772,NSE
764HUDCO31-N8,19928,NSE
MACOBSTECH-SM,24545,NSE
733KL54-SG,24571,NSE
10157PCP27-N0,24549,NSE
733TN32-SG,24562,NSE
SGBJAN29X-GB,2003,NSE
ORISSAMINE-EQ,19931,NSE
735PFCL35-N1,19972,NSE
735NABAR31-N1,20032,NSE
860GFL27-N0,24593,NSE
RUSHIL-EQ,24595,NSE
734AP44-SG,24656,NSE
731TS50-SG,24662,NSE
1050SCL30-NU,20111,NSE
1075SCL33B-NW,20118,NSE
980SCL33-NX,20120,NSE
RUBFILA-EQ,24730,NSE
OLAELEC-EQ,24777,NSE
AESTHETIK-SM,24830,NSE
662HR41-SG,2019,NSE
718AS30-SG,20146,NSE
69AS30-SG,20155,NSE
ORIENTHOT-EQ,2493,NSE
728TS45-SG,24836,NSE
723JK51-SG,24892,NSE
MODEFENCE-EQ,24944,NSE
780HR30-SG,20219,NSE
768UP34A-SG,20220,NSE
765HR33B-SG,20240,NSE
ORIENTPPR-EQ,2496,NSE
73BOB34-N0,24975,NSE
726MP38-SG,24987,NSE
725MH44-SG,24993,NSE
IRFC-EQ,2029,NSE
658KA30-SG,20288,NSE
PRESTIGE-EQ,20302,NSE
IPHL-SM,25033,NSE
726MH50-SG,25110,NSE
772TIL34-N0,25078,NSE
725AP47-SG,25104,NSE
SHANKARA-EQ,20321,NSE
FEDFINA-EQ,20322,NSE
BROOKS-BE,25140,NSE
799LTFH27-N0,25151,NSE
SHUBHSHREE-SM,25240,NSE
777AP35-SG,20355,NSE
720AS30-SG,20358,NSE
774JK43-SG,20365,NSE
77AP29A-SG,20390,NSE
EBANKNIFTY-EQ,25258,NSE
BAJAJHFL-EQ,25270,NSE
850CIFCL26-NE,20435,NSE
771AP31-SG,20472,NSE
WIPL-EQ,20481,NSE
PGHH-EQ,2535,NSE
956AEL29-N6,25294,NSE
12VCCL27-N0,25464,NSE
PAISALO-EQ,25468,NSE
717KA29-SG,20573,NSE
762UP33-SG,20732,NSE
761HP38-SG,20742,NSE
715RJ42-SG,25475,NSE
714MP43-SG,25477,NSE
714PN49-SG,25483,NSE
705AS31-SG,25489,NSE
758TS41-SG,20745,NSE
10ISFL26-N3,20771,NSE
705AS30-SG,20774,NSE
712HR36-SG,25501,NSE
AVIANSH-SM,25520,NSE
SCL25924C-N1,25554,NSE
1050SCL31A-N1,25564,NSE
699AR30-SG,20861,NSE
697KA28-SG,20864,NSE
74GJ26-SG,20926,NSE
TRITURBINE-EQ,25584,NSE
734SIDBI29-N0,25591,NSE
GFL26-N0,25624,NSE
UYFINCORP-BE,25629,NSE
KIRLOSENG-EQ,20936,NSE
762KL44-SG,20948,NSE
SUNCLAY-EQ,20956,NSE
712TS39-SG,25686,NSE
714TS42-SG,25692,NSE
71KL34-SG,25702,NSE
835SCL23A-YH,21026,NSE
726GJ29-SG,21032,NSE
1075SCL33-YK,21042,NSE
SURANASOL-EQ,21077,NSE
0RL34-N0,25706,NSE
POLYMED-EQ,25718,NSE
679GS2034-GS,25736,NSE
TEJASNET-EQ,21131,NSE
692BR32-SG,21161,NSE
774AP36A-SG,21164,NSE
865TCAPS27-N8,21197,NSE
682GJ27-SG,25828,NSE
FRESHARA-ST,25871,NSE
698AS31-SG,2134,NSE
ACCORD-ST,21218,NSE
SEITINVIT-IV,21321,NSE
IBLFL-SM,21348,NSE
OCCLLTD-BE,25920,NSE
UHTL-ST,25938,NSE
7798LTFH29-N0,25939,NSE
GANGESSECU-EQ,21399,NSE
USHAFIN-SM,25952,NSE
715KA36-SG,25959,NSE
715AP39-SG,25962,NSE
BDL-EQ,2144,NSE
LEMONTREE-EQ,2606,NSE
SEAMECLTD-EQ,2616,NSE
758SDIL31-N0,25982,NSE
NIFTY,26000,NSE
IT-EQ,2627,NSE
DIVOPPBEES-EQ,2636,NSE
PCBL-EQ,2649,NSE
708GJ31-SG,2671,NSE
728JH36-SG,2688,NSE
713BR34-SG,27002,NSE
715MZ40-SG,27006,NSE
PRAJIND-EQ,2705,NSE
78241ABH29-N0,27033,NSE
850CIFL34-N0,27092,NSE
776FEDB34-N0,27094,NSE
SPECIALITY-EQ,27107,NSE
692GS2039-GS,27127,NSE
ONYX-ST,27143,NSE
CINELINE-EQ,27161,NSE
722UCL34-N0,27181,NSE
815PNB27-N0,27267,NSE
MOBIKWIK-EQ,28046,NSE
711RJ34-SG,28211,NSE
711AR44-SG,28260,NSE
10IIFL28A-NE,2871,NSE
675GS2029-GS,28530,NSE
774PSB34-N0,28550,NSE
716UP39-SG,28827,NSE
7685TCHF28-N0,28840,NSE
VENTIVE-EQ,28847,NSE
885IHL26-N1,28852,NSE
715IRFC34-N0,28895,NSE
ROSSELLIND-EQ,28913,NSE
902SCL27Q-N1,28920,NSE
1015SCL29T-N1,28925,NSE
CEREBRAINT-BZ,29016,NSE
706GJ34-SG,29057,NSE
715HR38-SG,29060,NSE
713TS49-SG,29069,NSE
722TN35-SG,29108,NSE
723MZ40-SG,29122,NSE
720RECL35-N0,29155,NSE
806TFSIL28-N0,29202,NSE
713WB42-SG,29286,NSE
710TS50-SG,29299,NSE
751HUDCO28-N5,29312,NSE
NIBE-EQ,29487,NSE
860TPL31-N0,29545,NSE
SAIL-EQ,2963,NSE
SURYODAY-EQ,2970,NSE
MAXVOLT-ST,29657,NSE
714RJ37A-SG,29695,NSE
716MP37A-SG,29705,NSE
7645LICH30-N0,29742,NSE
717MH37-SG,29926,NSE
SFMP6DD-MF,10051,NSE
792AP42-SG,10218,NSE
72KA37-SG,29927,NSE
719MH40-SG,29932,NSE
72KL42-SG,29937,NSE
740IREDA36-N0,29942,NSE
721TN32-SG,29999,NSE
722RJ35-SG,30006,NSE
SGBJUN30-GB,10232,NSE
765TN29-SG,10234,NSE
782HP32-SG,10247,NSE
791TS43-SG,10269,NSE
ATULAUTO-EQ,30023,NSE
809CANF27-N0,30045,NSE
709TN30A-SG,30069,NSE
KAYA-EQ,10276,NSE
SKP-SM,10325,NSE
802AP38-SG,10383,NSE
785PN32-SG,10394,NSE
728WB39-SG,30074,NSE
724AR45-SG,30078,NSE
723OR47-SG,30096,NSE
OSEINTRUST-IV,10435,NSE
797WB42-SG,10454,NSE
804AP37-SG,10471,NSE
773LICH27-N0,30149,NSE
805RJ37-SG,10474,NSE
761GJ32-SG,10531,NSE
NIFTYBEES-EQ,10576,NSE
717KL38-SG,30161,NSE
717UP39-SG,30162,NSE
718WB45-SG,30166,NSE
744RL28-N0,30196,NSE
SADBHIN-BE,10622,NSE
777RJ32-SG,10638,NSE
MNC-EQ,10676,NSE
SHAIVAL-ST,10684,NSE
689GA30-SG,303,NSE
965SCL27-N1,30214,NSE
1025SCL35-N1,30234,NSE
655GA30-SG,1074,NSE
772AP35-SG,10718,NSE
76TN32-SG,10720,NSE
737NTPC35C-NA,10744,NSE
647KA30-SG,1080,NSE
775PN42-SG,10782,NSE
771KL42-SG,10845,NSE
UTFDAIPIPI-MF,30426,NSE
71NL35-SG,30432,NSE
71SK35-SG,30435,NSE
658GJ27-SG,3061,NSE
682JH34-SG,3082,NSE
682PN36-SG,3085,NSE
DREAMFOLKS-EQ,10859,NSE
745TS30-SG,10902,NSE
OMAXAUTO-EQ,10922,NSE
DIVISLAB-EQ,10940,NSE
708KL40-SG,30443,NSE
697KA31-SG,311,NSE
699WB36-SG,3089,NSE
SHREDIGCEM-EQ,3099,NSE
SABAR-SM,10982,NSE
LIQUIDBEES-EQ,11006,NSE
BANKIETF-EQ,11037,NSE
871REC28-N9,30990,NSE
TIINDIA-EQ,312,NSE
SCHNEIDER-EQ,31234,NSE
91D100926-TB,31717,NSE
HARSHA-EQ,11162,NSE
HDFCGROWTH-EQ,11241,NSE
768PN42-SG,11276,NSE
678AP38-SG,3196,NSE
888NHB29-N5,31969,NSE
769KL40-SG,11292,NSE
772WB38-SG,11295,NSE
LUXIND-EQ,11301,NSE
678MN31-SG,3304,NSE
SUNDRMFAST-EQ,3345,NSE
SUPREMEIND-EQ,3363,NSE
687MH33-SG,3379,NSE
ZOTA-EQ,11394,NSE
SALZERELEC-EQ,11399,NSE
779RJ32-SG,11404,NSE
ADOR-EQ,34,NSE
69JK33-SG,3392,NSE
TIRUMALCHM-EQ,3496,NSE
694AP38-SG,3514,NSE
XPROINDIA-EQ,11407,NSE
783TS35-SG,11413,NSE
TORNTPHARM-EQ,3518,NSE
684MH32-SG,3520,NSE
698TS41-SG,3577,NSE
699TN41-SG,3645,NSE
649KA30A-SG,1158,NSE
678MH31-SG,3659,NSE
704AP41-SG,3692,NSE
VINDHYATEL-EQ,3694,NSE
TATACOMM-EQ,3721,NSE
785AP40-SG,11514,NSE
HDFCLOWVOL-EQ,11547,NSE
GTL-EQ,1162,NSE
VENKEYS-EQ,3757,NSE
WIPRO-EQ,3787,NSE
WSTCSTPAPR-EQ,3799,NSE
HDFCSENSEX-EQ,11593,NSE
SUPRAJIT-EQ,11689,NSE
681TR35-SG,1172,NSE
SGBJU29III-GB,3800,NSE
ZUARIIND-EQ,3827,NSE
JAKHARIA-ST,3950,NSE
788MP33-SG,11695,NSE
21STCENMGM-EQ,4,NSE
SANGAMIND-EQ,4184,NSE
SOMATEX-EQ,4201,NSE
SHOPERSTOP-EQ,11813,NSE
KENNAMET-EQ,11841,NSE
782SK32A-SG,11878,NSE
DCXINDIA-EQ,11895,NSE
UCL-ST,4214,NSE
MIRZAINT-EQ,4394,NSE
MEDANTA-EQ,11956,NSE
GOLDIAM-EQ,11971,NSE
ICIL-EQ,11987,NSE
SYNCOMF-EQ,11992,NSE
69HP30-SG,446,NSE
705MH32-SG,466,NSE
708KA34-SG,468,NSE
3MINDIA-EQ,474,NSE
GREAVESCOT-EQ,1235,NSE
SHYAMMETL-EQ,4693,NSE
69RJ32-SG,4764,NSE
LAKPRE-BZ,4774,NSE
LIQUIDIETF-EQ,4838,NSE
713RJ41-SG,4869,NSE
10CAGL27-N5,12465,NSE
ICEMAKE-EQ,489,NSE
INDSWFTLAB-EQ,4870,NSE
97SFIL26A-NC,4936,NSE
699GA31-SG,4998,NSE
667MH32-SG,1251,NSE
699GA31A-SG,5027,NSE
702WB31-SG,5039,NSE
724TS51-SG,5045,NSE
673TN40-SG,1254,NSE
697TN31-SG,5086,NSE
699UP31A-SG,5174,NSE
96IIFL28-N5,5214,NSE
AMBUJACEM-EQ,1270,NSE
BFSI-EQ,5220,NSE
677BR28-SG,5227,NSE
702UP31-SG,5335,NSE
PENINLAND-BE,5358,NSE
11NSETEST-EQ,12841,NSE
KRSNAA-EQ,5359,NSE
ASAHIINDIA-EQ,5378,NSE
MOL-EQ,5394,NSE
SGBAUG27-GB,12904,NSE
BAHETI-SM,12989,NSE
698UP31-SG,5473,NSE
628GJ27-SG,5524,NSE
693HP31-SG,5537,NSE
ARHAM-SM,13092,NSE
761JK42-SG,13135,NSE
NITINSPIN-EQ,13175,NSE
706KL39-SG,5545,NSE
70MZ34-SG,5559,NSE
CEMPRO-EQ,5622,NSE
764WB32-SG,13248,NSE
765NL32-SG,13247,NSE
BEWLTD-SM,5662,NSE
687AS31-SG,5670,NSE
653CG28-SG,5671,NSE
691MH33-SG,5678,NSE
SAKUMA-EQ,13251,NSE
KEC-EQ,13260,NSE
CENTURYPLY-EQ,13305,NSE
KEI-EQ,13310,NSE
691MH34-SG,5679,NSE
889SCL28-NU,5859,NSE
840IRFC29-N8,591,NSE
693AP38-SG,5889,NSE
PARAS-EQ,5911,NSE
GALLANTT-EQ,13337,NSE
ARIHANTACA-SM,13340,NSE
761TN32A-SG,13379,NSE
585GS2030-GS,1341,NSE
SOUTHBANK-EQ,5948,NSE
688KA31-SG,5986,NSE
LICNETFGSC-EQ,6062,NSE
DYNAMIC-ST,6082,NSE
765KA34-SG,13384,NSE
766TS34-SG,13387,NSE
703KA32-SG,6104,NSE
713AP36A-SG,6112,NSE
699HR31-SG,6211,NSE
EMKAY-EQ,13421,NSE
ABREL-EQ,625,NSE
691AP39-SG,626,NSE
MANORG-EQ,6422,NSE
PIONEEREMB-EQ,13463,NSE
MOXSH-SM,13502,NSE
EMAMILTD-EQ,13517,NSE
708AP40-SG,6487,NSE
POLICYBZR-EQ,6656,NSE
695GS2061-GS,6817,NSE
AVONMORE-EQ,13557,NSE
RADIANTCMS-EQ,13580,NSE
ACE-EQ,13587,NSE
622KL27-SG,1361,NSE
SMLT-EQ,6843,NSE
BAJAJHCARE-EQ,6863,NSE
613GS2028-GS,6868,NSE
691HP31-SG,6879,NSE
833GS2032-GS,6922,NSE
GOCOLORS-EQ,6964,NSE
83GS2042-GS,7034,NSE
SGBD29VIII-GB,7098,NSE
649GJ29-SG,1364,NSE
653KA30-SG,1365,NSE
MADHUCON-BE,13668,NSE
SHALBY-EQ,714,NSE
TEGA-EQ,7105,NSE
759GS2029-GS,7130,NSE
665JK30-SG,1373,NSE
759TS40-SG,13721,NSE
684BR30-SG,7152,NSE
685GA31C-SG,7154,NSE
SHRIRAMPPS-EQ,7200,NSE
757TS31-SG,13772,NSE
704TS32-SG,7315,NSE
MAPMYINDIA-EQ,7227,NSE
698GA31-SG,7296,NSE
VENUSREM-BE,13856,NSE
VOGL-EQ,750368,NSE
815TACA29-N0,750554,NSE
795SFL29-N0,751692,NSE
759LICH31-N0,751729,NSE
769AP35-SG,13878,NSE
BANCOINDIA-EQ,13880,NSE
765HR33-SG,13882,NSE
703RJ31-SG,7531,NSE
91D170926-TB,753772,NSE
182D171226-TB,753787,NSE
364D170627-TB,753799,NSE
ARIHANT-EQ,13885,NSE
764GA33-SG,13887,NSE
768HR33-SG,13968,NSE
779TCHFL30-N0,754304,NSE
AAFS32-N0,755074,NSE
704NBFID35-N0,755873,NSE
772MP38-SG,13977,NSE
77PN40-SG,13992,NSE
AVTNPL-EQ,14008,NSE
823GIL31-N0,755919,NSE
78ABCL33-N1,755940,NSE
ABCL28-N6,755945,NSE
803ABCL33-NF,755954,NSE
HINDPETRO-EQ,1406,NSE
ASMS-BE,14069,NSE
APTECHT-BE,14074,NSE
767AS33A-SG,14092,NSE
SIYSIL-EQ,14096,NSE
762TCL30-N0,755990,NSE
727SHFL27-N0,756006,NSE
675HR38-SG,756094,NSE
677MH38-SG,756095,NSE
SBGLP-EQ,14139,NSE
UNOMINDA-EQ,14154,NSE
LRRPL-SM,14204,NSE
766SK33-SG,14274,NSE
832HHFL27-N0,756718,NSE
SAMAY-ST,756851,NSE
759PN39-SG,14279,NSE
PFC-EQ,14299,NSE
FSL-EQ,14304,NSE
TFL-EQ,14319,NSE
679AS45-SG,756867,NSE
676JK31-SG,756908,NSE
PRIMO-EQ,756925,NSE
769TFSIL28-N0,756930,NSE
665IRFC30-N0,756947,NSE
915PFL27-N0,756954,NSE
689PN46-SG,757038,NSE
689RJ48-SG,757039,NSE
HDFC2638RD-MF,14330,NSE
769WB42-SG,14347,NSE
UTIDPP36P1-MF,14395,NSE
AMDIND-EQ,14398,NSE
669GJ34-SG,757109,NSE
686TS47-SG,757118,NSE
685TS50-SG,757119,NSE
930APMD33-N0,757172,NSE
771GJ34-SG,14432,NSE
BALAMINES-EQ,14501,NSE
699SFL27-N0,757341,NSE
694TN55-SG,757396,NSE
694KL62-SG,757397,NSE
857CIFL32-N0,757404,NSE
654KA30-SG,1453,NSE
77HR32-SG,14532,NSE
SACHEEROME-SM,757409,NSE
778ABSL35-N0,757453,NSE
SCL010825-NB,757467,NSE
SCL0182025-NC,757468,NSE
BIRLANU-EQ,1455,NSE
769TS32-SG,14533,NSE
NDLVENTURE-EQ,14547,NSE
AROGRANITE-EQ,14557,NSE
NEPTUNE-SM,757493,NSE
GANGABATH-SM,757525,NSE
682TN36-SG,757546,NSE
708JK46A-SG,757554,NSE
766MP48-SG,14559,NSE
FORTIS-EQ,14592,NSE
SGBMAR31IV-GB,14598,NSE
TGBHOTELS-EQ,14607,NSE
925IIFL32-N0,757571,NSE
930IIFL35-N0,757573,NSE
730SICC28A-N0,757595,NSE
945SCL28-N0,757610,NSE
774TS48-SG,14660,NSE
GOACARBON-EQ,14687,NSE
714MP41-SG,757652,NSE
715MP43A-SG,757653,NSE
714MH46-SG,757655,NSE
PUSHPA-SM,757683,NSE
71MN40-SG,757712,NSE
686AS35-SG,757733,NSE
TOP15IETF-EQ,757781,NSE
RMDRIP-BE,757836,NSE
MOGOLD-EQ,757791,NSE
INDIQUBE-EQ,757845,NSE
718SFL28-N0,757900,NSE
718JK45A-SG,757927,NSE
686UP33-SG,757932,NSE
687AP33-SG,757933,NSE
709TS60A-SG,757937,NSE
601GS2030-GS,757983,NSE
814KSFP36-N0,757997,NSE
LOTUSDEV-BE,758147,NSE
GROWWPOWER-EQ,758165,NSE
696AP34-SG,758188,NSE
702AS35-SG,758189,NSE
PARTH-SM,758217,NSE
995ISF35-N0,758290,NSE
MEDISTEP-SM,758423,NSE
AAFS29C-N0,758442,NSE
698PGCIL35-N0,758494,NSE
STUDIOLSD-SM,758527,NSE
745WB44A-SG,758581,NSE
ETL-SM,758591,NSE
IRBIT-IV,14806,NSE
774HR31-SG,14814,NSE
775HP32-SG,14818,NSE
INTERNET-EQ,758595,NSE
EFCIL-EQ,758675,NSE
76377AIF29-N0,758691,NSE
GROWWNIFTY-EQ,758697,NSE
779HP38-SG,14839,NSE
783RJ50-SG,14854,NSE
MAGNUM-EQ,14957,NSE
70TN31A-SG,758712,NSE
713AS31-SG,758713,NSE
725GJ34-SG,758716,NSE
77AP32-SG,14958,NSE
SHIVASHRIT-SM,758744,NSE
674MH29-SG,758843,NSE
773AIFL28-N0,758876,NSE
INDHOTEL-EQ,1512,NSE
717GS2030-GS,15050,NSE
75HR30-SG,15098,NSE
770AIFL26-N0,758880,NSE
VIGOR-ST,758908,NSE
AMANTA-BE,758910,NSE
748AP34-SG,758929,NSE
SVLL-BE,15126,NSE
JYOTHYLAB-EQ,15146,NSE
AGUL-SM,15147,NSE
744KL50-SG,759037,NSE
BRIGADE-EQ,15184,NSE
BGRENERGY-BE,15193,NSE
LICNFNHGP-EQ,15229,NSE
866SFIL23A-NY,15251,NSE
677TCL28-N0,759101,NSE
789GIL31-N0,759150,NSE
677OR29-SG,759165,NSE
743TS33-SG,15265,NSE
JKIL-EQ,15266,NSE
SEPC-EQ,15308,NSE
787LDL29-N0,759174,NSE
729HR37-SG,759220,NSE
JAINREC-EQ,759244,NSE
744TN33-SG,15310,NSE
SADHNANIQ-BE,15349,NSE
NAHARCAP-EQ,15360,NSE
NESCO-EQ,15409,NSE
RKEC-EQ,1547,NSE
739AP33-SG,15526,NSE
AUROIMPEX-SM,15869,NSE
EPACKPEB-EQ,759251,NSE
AAFS30A-N0,759275,NSE
744HR41-SG,759325,NSE
733UP33-SG,16049,NSE
BHARATWIRE-EQ,16123,NSE
737SK33-SG,16239,NSE
757BR49-SG,759333,NSE
MPEL-ST,759354,NSE
MONEYBOXX-EQ,759381,NSE
IONEXCHANG-EQ,1630,NSE
657HP30-SG,1644,NSE
669TS40-SG,1655,NSE
VAISHALI-EQ,16589,NSE
PATELRMART-EQ,759439,NSE
84AIL28-N0,759484,NSE
GROWWNXT50-EQ,759458,NSE
KIRIINDUS-EQ,16639,NSE
736AP37-SG,16649,NSE
PTCIL-EQ,16682,NSE
702OIT40-N0,759507,NSE
STUDDS-EQ,759587,NSE
ITI-EQ,1675,NSE
737NL33A-SG,16802,NSE
739AP35-SG,16806,NSE
711SDIL30-N0,759601,NSE
768JK38-SG,759702,NSE
756MP39-SG,759704,NSE
714MZ33-SG,759738,NSE
URBAN-SM,16888,NSE
736JK35-SG,16929,NSE
742AP41-SG,16988,NSE
744BR40-SG,759741,NSE
746MP43-SG,759743,NSE
744TS56A-SG,759746,NSE
77NVCL28-N0,759795,NSE
67KA30-SG,170,NSE
742AP43-SG,16993,NSE
IIFLZC28B-Y1,17043,NSE
SHETHJI-ST,759805,NSE
SMALL250-EQ,759814,NSE
655TN29-SG,759851,NSE
66ML30A-SG,1712,NSE
746AP43-SG,17111,NSE
747PN34-SG,17127,NSE
PARAGMILK-EQ,17130,NSE
1225IFL27-N0,759897,NSE
689NL30-SG,759908,NSE
730BTL27-N0,759920,NSE
667UK30-SG,76,NSE
CGPOWER-EQ,760,NSE
MIDCAPIETF-EQ,17152,NSE
875SFL27-ZF,17159,NSE
NEXT50-EQ,17181,NSE
MGSL-SM,759945,NSE
746TS42A-SG,760021,NSE
673SK30-SG,173,NSE
744HR32-SG,17220,NSE
742KL43-SG,17257,NSE
748WB44A-SG,760022,NSE
72MP33-SG,760066,NSE
743MH40-SG,760072,NSE
735TN33A-SG,17323,NSE
736AP38A-SG,17325,NSE
VINATIORGA-EQ,17364,NSE
ADANIPOWER-EQ,17388,NSE
753AP40-SG,760083,NSE
SKFINDUS-EQ,760101,NSE
VIJAYPD-SM,760121,NSE
769BR54-SG,760163,NSE
LGEINDIA-EQ,760213,NSE
SHRIKANHA-SM,760202,NSE
JINDALPOLY-EQ,1756,NSE
PREMEXPLN-EQ,17397,NSE
736WB41-SG,17461,NSE
744AP35-SG,760268,NSE
724UP33-SG,760276,NSE
MODINATUR-BE,760280,NSE
868NHB29-N3,1758,NSE
PVTBANKADD-EQ,17576,NSE
ASALCBR-EQ,17598,NSE
886SCL30-N0,760286,NSE
762MZ38-SG,760292,NSE
805SICCL35-N0,760314,NSE
SILVERBND-EQ,760328,NSE
865NHB34-N4,1761,NSE
745TS30A-SG,17637,NSE
737CG33-SG,760338,NSE
734GA35-SG,760340,NSE
364D171226-TB,760391,NSE
73TFSIL29-N0,760393,NSE
744JK53-SG,17672,NSE
ALOKINDS-EQ,17675,NSE
SHILPAMED-EQ,17752,NSE
708TFSIL27-N0,760429,NSE
KSHINTL-EQ,760433,NSE
756HP40A-SG,760446,NSE
RAJESHEXPO-BZ,760461,NSE
ZEAL-SM,17766,NSE
AHLUCONT-EQ,17833,NSE
744TN33B-SG,17835,NSE
MARC-SM,760453,NSE
895PAPL28B-N0,760469,NSE
1096GIPL28-N0,760487,NSE
743JK53-SG,17850,NSE
734TN34A-SG,760508,NSE
364D251226-TB,760526,NSE
729NHPC33-N0,760535,NSE
729NHPC39-N0,760547,NSE
PGIMCSR1D-MF,17995,NSE
UNITEDTEA-EQ,17999,NSE
BPF02D4D-MF,18009,NSE
BPF02D4R-MF,18010,NSE
8BACL30-N0,760549,NSE
783CIFCL28-N0,760553,NSE
AVTL29-N0,760561,NSE
767JK38-SG,760571,NSE
KABRAEXTRU-EQ,1805,NSE
WHIRLPOOL-EQ,18011,NSE
CONCORDBIO-EQ,18060,NSE
76AP45-SG,760585,NSE
729NHPC40-N0,760603,NSE
723TN33-SG,760613,NSE
739TN34-SG,760618,NSE
752RJ35-SG,760620,NSE
750TN36A-SG,760631,NSE
750TN36-SG,760664,NSE
754CG36-SG,760665,NSE
ARENTERP-EQ,181,NSE
BPF02RDR-MF,18095,NSE
756CG37-SG,760666,NSE
759WB37-SG,760667,NSE
AVANA-ST,760736,NSE
87MFL36-N0,760738,NSE
KAKATCEM-EQ,1811,NSE
BPF01D1D-MF,18164,NSE
BPF01D3D-MF,18167,NSE
TEXMOPIPES-EQ,18214,NSE
SPAL-EQ,18252,NSE
SEL-SM,18264,NSE
74AP43-SG,18413,NSE
SGBMAR28X-GB,18451,NSE
743JK53A-SG,18519,NSE
747MH34-SG,18528,NSE
747HR33-SG,18529,NSE
746SK33-SG,18701,NSE
SCLZC26-NB,18630,NSE
CELLECOR-ST,18811,NSE
SGBAPR28I-GB,18862,NSE
1003SCL30-BW,18874,NSE
957SCL30-BX,18879,NSE
PNBHOUSING-EQ,18908,NSE
748MP29-SG,18923,NSE
747HR33A-SG,18946,NSE
619GS2034-GS,18973,NSE
UNIVASTU-BE,18979,NSE
746WB39-SG,18998,NSE
MASTER-SM,19011,NSE
731TN33-SG,760770,NSE
767WB46-SG,760786,NSE
771AP41-SG,760796,NSE
730PFCL41-NC,760810,NSE
AARVI-EQ,19073,NSE
SAAKSHI-ST,19112,NSE
ROLLT-BE,19108,NSE
759WB39-SG,19172,NSE
975BNAL28-N0,760821,NSE
69MH30-SG,760840,NSE
733KA33-SG,760842,NSE
744MH34-SG,760844,NSE
754RJ33-SG,19191,NSE
EMAMIREAL-EQ,19277,NSE
773WB43-SG,760849,NSE
364D040327-TB,760888,NSE
744MP34-SG,760908,NSE
778HR40-SG,760917,NSE
GOYALSALT-SM,19356,NSE
OLIL-SM,19386,NSE
AHLEAST-EQ,19438,NSE
SICALLOG-BE,19440,NSE
771UK33-SG,19482,NSE
775PN36-SG,19486,NSE
364D110227-TB,760941,NSE
730TCHFL28-N0,760959,NSE
790TPL29-N0,760964,NSE
662JH30-SG,761,NSE
AYE-EQ,760981,NSE
748KA37-SG,761013,NSE
SECMARK-EQ,19496,NSE
772ML31-SG,19517,NSE
77BR31-SG,19522,NSE
IITL-EQ,19525,NSE
762MP39-SG,761016,NSE
364D190227-TB,761055,NSE
805NMC29-N1,761075,NSE
768UP34-SG,19532,NSE
ARVINDPORT-SM,19579,NSE
ANSALAPI-BZ,19677,NSE
771UP33-SG,19748,NSE
805NMC36-N8,761082,NSE
IIFL60326-YB,761123,NSE
691TN31A-SG,761320,NSE
KOTYARK-BE,761337,NSE
HONASA-EQ,19813,NSE
758JK50-SG,19907,NSE
741TN36-SG,761322,NSE
AEPL-EQ,761330,NSE
875AEL29-NK,761343,NSE
LIBERTSHOE-EQ,1994,NSE
77KA33-SG,19909,NSE
714AP34-SG,20019,NSE
AEL120126-NL,761344,NSE
BANK10ADD-EQ,761364,NSE
779JK41-SG,761374,NSE
77TS54-SG,761412,NSE
INTENTECH-EQ,20071,NSE
965SCL28A-NQ,20094,NSE
710GJ30-SG,20099,NSE
776WB49-SG,761451,NSE
788UK46-SG,761493,NSE
716UBI36-N0,761517,NSE
725GR2028-GS,20151,NSE
CANTABIL-EQ,20160,NSE
INNOVISION-EQ,761528,NSE
ARSIFHDG-SF,761544,NSE
789HP41-SG,761571,NSE
810TVSH29-N0,761577,NSE
661TS51-SG,2017,NSE
LUMAXIND-EQ,2018,NSE
77GA33B-SG,20171,NSE
77MH33A-SG,20172,NSE
ALSDG-SF,761591,NSE
13DCCL29-N0,761609,NSE
735MH31-SG,761643,NSE
SIHF29A-N0,761735,NSE
ASHAPURMIN-EQ,203,NSE
CLEDUCATE-BE,20233,NSE
OBEROIRLTY-EQ,20242,NSE
717HR29-SG,20310,NSE
799HR44-SG,761744,NSE
804KL46-SG,761748,NSE
804TR48-SG,761749,NSE
806WB49-SG,761750,NSE
72JK29-SG,20312,NSE
764JK50-SG,20402,NSE
771HR33A-SG,20475,NSE
809UP56-SG,761755,NSE
87HMDA41-N0,761797,NSE
87HMDA33-N0,761839,NSE
87HMDA35-N0,761843,NSE
724HR29-SG,20519,NSE
PRUDMOULI-BE,20528,NSE
685GA31-SG,2077,NSE
BENGALASM-EQ,762578,NSE
765NBFID38-N0,20841,NSE
702AS30-SG,20851,NSE
695HP34-SG,20858,NSE
RBZJEWEL-EQ,20874,NSE
FEDDERSHOL-EQ,762675,NSE
MAHSEAMLES-EQ,2088,NSE
SHREERAMA-EQ,7627,NSE
764WB43A-SG,20946,NSE
780KA30-SG,20964,NSE
8HR30-SG,21031,NSE
FRONTSP-EQ,762685,NSE
RAJPALAYAM-EQ,762859,NSE
TAMBOLIIN-BE,762937,NSE
TIMEX-EQ,762954,NSE
8AS30-SG,21048,NSE
ERIS-EQ,21154,NSE
778PN37-SG,21165,NSE
ASHOKLEY-EQ,212,NSE
KCEIL-SM,21173,NSE
855TCAPS27-N7,21194,NSE
GTPL-EQ,21195,NSE
ULTRAMAR-EQ,762961,NSE
1125AFIL29-N0,763044,NSE
763AP34-SG,763072,NSE
852MFL31-N0,763138,NSE
115VCCL31A-N0,763380,NSE
9189GFL28A-N0,763496,NSE
182D191126-TB,763526,NSE
910TCAP28-NA,21225,NSE
TRANSWIND-SM,21260,NSE
777IREDA27-N9,21308,NSE
RTNINDIA-EQ,27297,NSE
364D200527-TB,763527,NSE
FMCGADD-EQ,763530,NSE
TEAMTECH-ST,763571,NSE
SALASAR-EQ,21362,NSE
702BR30-SG,21375,NSE
TATAGOLD-EQ,21401,NSE
698HR41-SG,2146,NSE
NEXT50BETA-EQ,21478,NSE
STEL-EQ,21484,NSE
768CG32-SG,21499,NSE
AGARWALTUF-SM,27309,NSE
710TS44-SG,27324,NSE
696TN28-SG,27326,NSE
SURAKSHA-EQ,27334,NSE
RALLIS-EQ,2816,NSE
SIS-EQ,21501,NSE
APEX-EQ,21623,NSE
728JK30-SG,21646,NSE
698GR2054-GS,27819,NSE
711ML33-SG,28205,NSE
CRAFTSMAN-EQ,2854,NSE
HITECH-EQ,2868,NSE
74PFCL30-N0,28791,NSE
MANAV-SM,21697,NSE
805NIT32-N0,28799,NSE
715BR34A-SG,28814,NSE
715MN39A-SG,28821,NSE
703TN29A-SG,28824,NSE
696RJ41-SG,2147,NSE
771MP40-SG,21879,NSE
778MH29-SG,21933,NSE
711TN34A-SG,28825,NSE
1025SCL34U-N1,28930,NSE
818GFL26-N0,28965,NSE
764GJ34-SG,21503,NSE
727AS29-SG,21550,NSE
102CCSP27A-N0,28967,NSE
712MP47-SG,29005,NSE
840TPL27-N1,21677,NSE
CHOLAHLDNG-EQ,21740,NSE
DIAMONDYD-EQ,21840,NSE
768JH32-SG,21851,NSE
710KA33-SG,29052,NSE
995SCL35-N0,29105,NSE
722KA36-SG,29114,NSE
723PN37-SG,29115,NSE
GENCON-EQ,2188,NSE
774BR39-SG,21877,NSE
722PN32-SG,21893,NSE
730PN31-SG,21894,NSE
72JK47-SG,29131,NSE
SATKARTAR-SM,29151,NSE
LAXMIDENTL-EQ,29171,NSE
900CIFL35-N0,29249,NSE
683WB31-SG,2925,NSE
663KL30-SG,21910,NSE
67KL27-SG,21916,NSE
705MN30-SG,21920,NSE
654MH30-SG,21932,NSE
708TS49-SG,29298,NSE
0NHIT35-N0,29425,NSE
MOSCHIP-EQ,29459,NSE
888REC29-NF,2947,NSE
717AP32-SG,29497,NSE
786ABHFL28-N0,29559,NSE
READYMIX-SM,29561,NSE
698MH28-SG,21939,NSE
714MH29-SG,21941,NSE
652MP35-SG,21949,NSE
717TN45-SG,29576,NSE
718TN55A-SG,29579,NSE
716PY40A-SG,29700,NSE
715BR37B-SG,29704,NSE
IEX-EQ,220,NSE
704MP30-SG,21965,NSE
72NL29-SG,21996,NSE
704MZ30-SG,22019,NSE
NAZARA-EQ,2987,NSE
GROWWN200-EQ,29872,NSE
799NIIF37-N0,29960,NSE
703PY28-SG,22029,NSE
659RJ30-SG,22073,NSE
709UP30-SG,22096,NSE
663TN55-SG,22102,NSE
AONETOTAL-EQ,29975,NSE
727CG35-SG,30007,NSE
BALAJIPHOS-SM,30030,NSE
705TN26-SG,22119,NSE
717TN29-SG,22123,NSE
719WB29-SG,22148,NSE
718CG30-SG,22163,NSE
KOHINOOR-EQ,3009,NSE
990IIFL27A-N0,30059,NSE
MOCAPITAL-EQ,30065,NSE
729UK29-SG,22171,NSE
65WB30-SG,22174,NSE
685WB30A-SG,22226,NSE
SGBJUL28IV-GB,22242,NSE
65GA30-SG,22261,NSE
65AP38-SG,22295,NSE
64GJ30-SG,22296,NSE
719RJ35-SG,30097,NSE
704TN30B-SG,30178,NSE
714MP32-SG,30179,NSE
714CG32-SG,30181,NSE
902SCL28-N1,30238,NSE
696KA30-SG,30418,NSE
702GJ33-SG,30427,NSE
704HR37-SG,30438,NSE
703MP31-SG,2239,NSE
649KA31-SG,22336,NSE
668GA30-SG,22405,NSE
668WB30-SG,22411,NSE
SBIN-EQ,3045,NSE
71AS45-SG,30447,NSE
71PN45-SG,30448,NSE
71WB45-SG,30449,NSE
677KA33-SG,22421,NSE
64KA30A-SG,22452,NSE
668AP35-SG,22453,NSE
671TS50-SG,22457,NSE
SCI-EQ,3048,NSE
707TS52-SG,30452,NSE
FELDVR-BZ,30491,NSE
819CIFL27-N0,30492,NSE
ADDICTIVE-SM,22468,NSE
KONSTELEC-ST,22475,NSE
763MH36-SG,22502,NSE
ITBETA-EQ,22488,NSE
69GJ30-SG,3064,NSE
68UK31-SG,3067,NSE
MHLSRD-SF,30560,NSE
MHLSRDR-SF,30562,NSE
697RJ51A-SG,2257,NSE
755TN54-SG,22509,NSE
GILT10BETA-EQ,22524,NSE
HDFCPSUBK-EQ,22595,NSE
SHREECEM-EQ,3103,NSE
846REC28-N6,30984,NSE
862REC33-NA,30992,NSE
71MH32-SG,313,NSE
UFBL-EQ,3127,NSE
751RJ34-SG,22611,NSE
749TS35-SG,22614,NSE
752BR39-SG,22619,NSE
748MP40-SG,22620,NSE
705HR40-SG,321,NSE
664GS2035-GS,3204,NSE
685NL31-SG,3265,NSE
752MZ40-SG,22621,NSE
746AP41A-SG,22622,NSE
746TS45-SG,22625,NSE
8ABHF34-N4,22635,NSE
SUBROS-EQ,3324,NSE
SUDARSCHEM-EQ,3327,NSE
677TN31-SG,3364,NSE
742GJ33-SG,22697,NSE
746CG33-SG,22698,NSE
LICNMID100-EQ,22722,NSE
MON100-EQ,22739,NSE
SMLMAH-EQ,3387,NSE
AJOONI-EQ,3403,NSE
TATACONSUM-EQ,3432,NSE
795IGT31-NI,3457,NSE
THOMASCOOK-EQ,3481,NSE
PGINVIT-IV,3494,NSE
696AP36-SG,3576,NSE
683MH32A-SG,3665,NSE
747MH36-SG,22752,NSE
747BR39-SG,22755,NSE
744KA34-SG,22868,NSE
742RJ39-SG,22869,NSE
744IRFC34-NR,22887,NSE
836GIL26-N0,22905,NSE
742KA35-SG,22993,NSE
741KA36-SG,22996,NSE
645BR27-SG,3695,NSE
VIPIND-EQ,3703,NSE
681MH31-SG,3704,NSE
686MH32-SG,3707,NSE
705RJ41-SG,3716,NSE
VSTIND-EQ,3724,NSE
1077IIFL30-N7,23024,NSE
LANCORHOL-EQ,23027,NSE
737RJ34A-SG,23082,NSE
SINTERCOM-EQ,381,NSE
ZEEL-EQ,3812,NSE
PARASPETRO-EQ,3972,NSE
PANACEABIO-EQ,4055,NSE
736KA34-SG,23083,NSE
741AR34-SG,23084,NSE
736KL54-SG,23104,NSE
SAMBHAAV-EQ,4127,NSE
GS220261P-GS,4395,NSE
GS220231C-GS,4429,NSE
KEYFINSERV-EQ,4157,NSE
835KSFL27-N0,23168,NSE
744TS30-SG,23189,NSE
746UP32-SG,23191,NSE
747AS34-SG,23197,NSE
703TS51-SG,4556,NSE
692HR36A-SG,4612,NSE
688UP31A-SG,4757,NSE
759IRDA34-NC,23250,NSE
10SCL31-Z1,23309,NSE
1050SCFL31-Z2,23311,NSE
748RJ37-SG,23207,NSE
AISL-SM,482,NSE
707HR37-SG,4784,NSE
712AP37-SG,4789,NSE
DCMFINSERV-EQ,4775,NSE
AQYLON-EQ,23365,NSE
743TN34-SG,23326,NSE
744RJ34A-SG,23346,NSE
890MFL27-NK,23361,NSE
695PN31-SG,4887,NSE
694UP31A-SG,4889,NSE
SAREGAMA-EQ,4892,NSE
749PN32-SG,23422,NSE
745HP44-SG,23424,NSE
743MH39-SG,23429,NSE
RADIOWALLA-ST,23445,NSE
72KL56-SG,4899,NSE
96SFIL24A-NB,4930,NSE
ICICIBANK-EQ,4963,NSE
694MH31-SG,4993,NSE
610GS2031-GS,5012,NSE
SVPGLOB-BE,5023,NSE
818CANF29-N1,23449,NSE
745MH41-SG,23495,NSE
748UP40-SG,23543,NSE
748HR34-SG,23547,NSE
712AP35-SG,5041,NSE
CLEAN-EQ,5049,NSE
701UP31-SG,5089,NSE
SGIL-EQ,5114,NSE
748AP44A-SG,23589,NSE
BALUFORGE-EQ,23607,NSE
BOMDYEING-EQ,513,NSE
JAICORPLTD-EQ,5143,NSE
697TN31A-SG,5173,NSE
GIRIRAJ-SM,2365,NSE
AAFS27B-N3,23628,NSE
MUTHOOTFIN-EQ,23650,NSE
698TN31A-SG,5230,NSE
71MH36-SG,5232,NSE
67AS27-SG,2374,NSE
ROLEXRINGS-EQ,5279,NSE
FMCGIETF-EQ,5306,NSE
747HP33-SG,23673,NSE
746AP38A-SG,23682,NSE
858CIF27-NU,23734,NSE
698GJ31-SG,5334,NSE
679WB28A-SG,5344,NSE
707GJ31-SG,2381,NSE
TBOTEK-EQ,23740,NSE
MANDEEP-SM,23779,NSE
74AP41-SG,23817,NSE
BRITANNIA-EQ,547,NSE
NGIL-BE,5404,NSE
697GA31-SG,5469,NSE
702GS2027-GS,23854,NSE
BEACON-SM,23922,NSE
738AP49-SG,24002,NSE
743AP42B-SG,24010,NSE
GRSE-EQ,5475,NSE
599MP26-SG,5525,NSE
705TS35-SG,5526,NSE
687HR31-SG,5536,NSE
722RJ41-SG,2413,NSE
738PY38A-SG,24048,NSE
GPECO-ST,24113,NSE
10IIFLSF27-NB,24139,NSE
704KL34-SG,5539,NSE
712WB51-SG,5542,NSE
689PN31-SG,5560,NSE
GANESHBE-BE,5617,NSE
734AP35-SG,24182,NSE
SYMPHONY-EQ,24190,NSE
731TS42-SG,24192,NSE
687JH31-SG,5676,NSE
687AP40-SG,5741,NSE
683GA31-SG,5882,NSE
699KL36-SG,5891,NSE
OMINFRAL-EQ,24231,NSE
AKIKO-ST,24307,NSE
753ICICI34-N0,24328,NSE
NEPHROCARE-ST,24353,NSE
645MH27-SG,599,NSE
692UP31-SG,6000,NSE
696KA31-SG,6095,NSE
SBISILVER-EQ,24366,NSE
732RJ34-SG,24422,NSE
731TN54-SG,24424,NSE
756RECL27-N0,24500,NSE
66RJ30A-SG,611,NSE
698RJ31-SG,6100,NSE
930SFL28-YP,6149,NSE
875IIFL26-NM,6200,NSE
734TS37-SG,24566,NSE
733TS42-SG,24570,NSE
SIKKO-BE,6226,NSE
3IINFOLTD-EQ,6232,NSE
662CG28-SG,6315,NSE
MIDHANI-EQ,2463,NSE
830ABHFL34-N0,24636,NSE
734HR36-SG,24650,NSE
735RJ49-SG,24661,NSE
695BR30-SG,6318,NSE
693GJ31A-SG,6320,NSE
NATIONALUM-EQ,6364,NSE
UTSSAV-ST,24729,NSE
725HP33-SG,24751,NSE
729TS42-SG,24758,NSE
727KL59-SG,24764,NSE
GSEC10ABSL-EQ,24847,NSE
SUYOG-EQ,24851,NSE
SSDL-EQ,24856,NSE
698BR30-SG,6478,NSE
706JK33-SG,6484,NSE
NIDAN-SM,6592,NSE
725HR39-SG,24887,NSE
719TN34-SG,24895,NSE
BRACEPORT-SM,24905,NSE
75GS2034-GS,6873,NSE
692HP33-SG,6881,NSE
833GS2036-GS,6883,NSE
727MN36-SG,24984,NSE
687KA31-SG,6887,NSE
724MH39-SG,24990,NSE
723JK54-SG,25000,NSE
723RJ33-SG,25008,NSE
761LIC34-N0,25042,NSE
MENONBE-BE,6971,NSE
692TN46-SG,6993,NSE
ASIANENE-EQ,7030,NSE
774LIC28-N0,25047,NSE
PREMIERENE-EQ,25049,NSE
TOP10ADD-EQ,25171,NSE
726BOB34-N0,25176,NSE
687AS31A-SG,7041,NSE
694JK36-SG,7044,NSE
696TS45-SG,7055,NSE
662GS2051-GS,7193,NSE
657GS2033-GS,7194,NSE
BBETF0432-EQ,7196,NSE
JTLIND-EQ,7287,NSE
721BR33-SG,25214,NSE
VIESL-SM,25231,NSE
XTGLOBAL-EQ,25235,NSE
702KL28-SG,2537,NSE
705WB36A-SG,7319,NSE
713TS36-SG,25357,NSE
ARKADE-EQ,25398,NSE
HEXAGON-BE,750116,NSE
713AS34-SG,25355,NSE
714HP33-SG,7536,NSE
812LTFL29-N0,751598,NSE
QMSMEDI-EQ,751607,NSE
PSFL-SM,25431,NSE
722PFCL39-N0,25437,NSE
815SICC27-N0,25451,NSE
723PN31-SG,2557,NSE
712WB36-SG,7548,NSE
707MH32-SG,25491,NSE
711MH36-SG,25499,NSE
74SIDBI31-N0,754233,NSE
SMALLIETF-EQ,754612,NSE
EVIETF-EQ,755881,NSE
902SCL27C-N1,25550,NSE
HUHTAMAKI-EQ,2562,NSE
MANBA-EQ,25597,NSE
RAPPID-SM,25610,NSE
850TIAPL28-N0,755930,NSE
1039UCL26-NE,755998,NSE
735SFL27-N0,756008,NSE
815ANN30-N0,756027,NSE
THESL-ST,25651,NSE
714AP44-SG,25696,NSE
METAL-EQ,25744,NSE
78618ABH28-N0,756043,NSE
675MH39-SG,756064,NSE
678MH39-SG,756096,NSE
665HP32-SG,756100,NSE
716JK49-SG,25775,NSE
KANANIIND-EQ,25786,NSE
815PHFL27-N0,25805,NSE
709RJ35-SG,25825,NSE
679HP34-SG,756102,NSE
679TS52-SG,756105,NSE
935IIFL28-NZ,756143,NSE
IIFL21425A-Y1,756145,NSE
MEP-BZ,25882,NSE
710KA35-SG,25884,NSE
712INBK34-N0,25931,NSE
GODAVARIB-EQ,25941,NSE
707LICH30-N0,756707,NSE
832HHFL27A-N0,756716,NSE
694PGCIL35-N0,756743,NSE
642TN31-SG,756787,NSE
PFIZER-EQ,2643,NSE
SIHF27-N0,25950,NSE
717AP43-SG,25963,NSE
716TS47-SG,25967,NSE
709TS59-SG,756791,NSE
7123TCHF27-N0,756823,NSE
GROWWSLVR-EQ,756827,NSE
930PFL27A-N0,756838,NSE
725WB41-SG,2657,NSE
702PN28-SG,2668,NSE
706UK30A-SG,27001,NSE
875BTL29-N0,27031,NSE
679PN45-SG,756860,NSE
ENRIN-EQ,756871,NSE
633GS2035-GS,756890,NSE
AAFS29A-N0,756950,NSE
LIQUIDPLUS-EQ,27075,NSE
723SBI39-N0,27128,NSE
91PFL27-N0,756956,NSE
727TCHFL28-N0,756994,NSE
671MN40-SG,757036,NSE
686RJ52-SG,757041,NSE
718BR34-SG,27188,NSE
719UP36-SG,27198,NSE
718RJ38-SG,27201,NSE
RAJOOENG-BE,757052,NSE
669GJ35-SG,757110,NSE
677AS40-SG,757113,NSE
747ABCL29-N0,757146,NSE
930APMD28-N0,757180,NSE
738CIFL27-N0,757343,NSE
718AP40A-SG,27203,NSE
EIEL-EQ,27213,NSE
711HP34-SG,27313,NSE
716GA31-SG,2746,NSE
708RJ34-SG,27314,NSE
711AP38A-SG,27316,NSE
677KL37-SG,757386,NSE
692TN45-SG,757394,NSE
642JK31A-SG,757426,NSE
659PFCL30-N0,757451,NSE
SCL1825-N5,757461,NSE
925SCL2028-N8,757464,NSE
925SCL30-NF,757471,NSE
995SCL2035-NM,757497,NSE
GICRE-EQ,277,NSE
704GJ33-SG,27660,NSE
INNOVANA-EQ,27754,NSE
775LTFL27-N0,27803,NSE
JUBLINGREA-EQ,2783,NSE
SAILIFE-EQ,27839,NSE
780SICC29-N0,27907,NSE
BLUSPRING-EQ,757520,NSE
71WB50-SG,757555,NSE
706RECL35-N0,757575,NSE
945SCL29-N0,757612,NSE
ATHERENERG-EQ,757645,NSE
714MZ40-SG,757650,NSE
714MH45-SG,757654,NSE
SFML-SM,28069,NSE
712BR34-SG,28213,NSE
711KA35-SG,28220,NSE
CEDAAR-ST,757690,NSE
71KL45-SG,757714,NSE
12VCCL29C-N0,757721,NSE
649OR30-SG,757729,NSE
710KL42-SG,28256,NSE
710TS47-SG,28277,NSE
799TFSIL27-N0,28539,NSE
ANURAS-EQ,2829,NSE
670GJ33-SG,757731,NSE
706HR39-SG,757751,NSE
HDBFS-EQ,757772,NSE
RCF-EQ,2866,NSE
990IIFL27-N0,28569,NSE
TRANSRAILL-EQ,28714,NSE
796WB37-SG,10213,NSE
BRIGHOTEL-EQ,757794,NSE
IGCL-EQ,757801,NSE
717KL51-SG,757832,NSE
CEWATER-EQ,28764,NSE
865IHFL27-N1,28856,NSE
965SCL26Y-N1,28898,NSE
MAYURUNIQ-EQ,28906,NSE
782WB32-SG,10252,NSE
804PN42-SG,10268,NSE
79TS44-SG,10271,NSE
TSC-ST,757861,NSE
885AEL28-NB,757871,NSE
ANTHEM-EQ,757885,NSE
111ESFB31-N0,757892,NSE
965SCL29S-N1,28924,NSE
1050SCL31T-N1,28928,NSE
1025SCL34Z-N1,28933,NSE
FINPIPE-EQ,1041,NSE
783AS32-SG,10357,NSE
JISLJALEQS-EQ,10397,NSE
87HFL26-N0,28979,NSE
717AP39-SG,28995,NSE
718HR38-SG,28996,NSE
709TS63-SG,757924,NSE
707WB37-SG,757926,NSE
613OR28-SG,757931,NSE
710TS57-SG,757936,NSE
UNITDSPR-EQ,10447,NSE
779AP31-SG,10458,NSE
782NL32-SG,10463,NSE
768GSGL28A-N0,758009,NSE
768GSGL28B-N0,758011,NSE
768GSGL28C-N0,758013,NSE
672KL27-SG,2901,NSE
807WB38-SG,10478,NSE
CONS-EQ,10512,NSE
INDOFARM-EQ,29025,NSE
710KA32-SG,29048,NSE
714MH43-SG,29064,NSE
722MP48-SG,758187,NSE
726MZ40-SG,758191,NSE
719TS49-SG,758196,NSE
AARADHYA-SM,758120,NSE
830TPL28-N0,29096,NSE
DDEVPLSTIK-EQ,29098,NSE
724KL44-SG,29126,NSE
ASAL-EQ,10634,NSE
797AP36-SG,10639,NSE
793TN42-SG,10644,NSE
774AP38-SG,10719,NSE
717RJ52-SG,758197,NSE
627TN29-SG,758200,NSE
700ML35-SG,758204,NSE
799HFL27-N0,758212,NSE
CAPINVIT-IV,29157,NSE
714BR45-SG,29236,NSE
875TVSH30-N0,29245,NSE
735EXIM28-N0,29264,NSE
815TOPO31-N0,758252,NSE
116VCCL26A-N0,758340,NSE
712GA36-SG,758408,NSE
762NTPC35F-ND,10751,NSE
SILVERADD-EQ,10761,NSE
776KL38-SG,10773,NSE
SYRMA-EQ,10793,NSE
12VCCL29A-N0,29274,NSE
705GJ34-SG,29279,NSE
703GJ35-SG,29281,NSE
713WB44-SG,29291,NSE
118VCCL27A-N0,758533,NSE
ELLEN-EQ,758563,NSE
SHKSIL-SM,758568,NSE
685ML31-SG,2937,NSE
711TS47-SG,29297,NSE
AGARWALEYE-EQ,29452,NSE
MOVALUE-EQ,10825,NSE
SEYAIND-BE,10836,NSE
771AP37-SG,10848,NSE
748BR39-SG,758580,NSE
ARFIN-EQ,758700,NSE
975ISF35-N0,758708,NSE
PROTEAN-EQ,29472,NSE
707GJ34-SG,29499,NSE
GABRIEL-EQ,1085,NSE
767KL34-SG,10851,NSE
753HR30-SG,10855,NSE
GRMOVER-EQ,10871,NSE
749RJ35-SG,758718,NSE
74GA37-SG,758719,NSE
1025PATE28-N0,758732,NSE
CLASSICEIL-SM,758736,NSE
716KL38-SG,29506,NSE
712MH38A-SG,29507,NSE
716AS40-SG,29513,NSE
719TS46-SG,29516,NSE
HDFCSILVER-EQ,10876,NSE
JFLLIFE-SM,10885,NSE
GENESYS-EQ,10905,NSE
758GA37-SG,10912,NSE
723RJ35-SG,758820,NSE
AAFS30-N0,758852,NSE
675GJ27-SG,29517,NSE
725NBFI40-N0,29525,NSE
KEN-SM,29547,NSE
714HR38B-SG,29570,NSE
748MP42-SG,758883,NSE
701GJ31A-SG,758924,NSE
731TN34-SG,758930,NSE
364D030926-TB,758940,NSE
MARUTI-EQ,10999,NSE
DCMNVL-EQ,11039,NSE
SECURKLOUD-EQ,11058,NSE
728IRFC40-N0,29641,NSE
779LTFL30-N0,29643,NSE
PSRAJ-ST,29665,NSE
ELM250-EQ,758952,NSE
765TPREL40-N0,758991,NSE
673PFCL27-N0,759021,NSE
726TN35-SG,759027,NSE
SGBAUG30-GB,11192,NSE
INDIGO-EQ,11195,NSE
718BR45B-SG,29702,NSE
QPOWER-EQ,29711,NSE
364D240926-TB,759047,NSE
SAATVIKGL-EQ,759057,NSE
709PY31-SG,759168,NSE
769GA32-SG,11283,NSE
SHK-EQ,11212,NSE
VIVIDHA-EQ,29877,NSE
716KA32-SG,29913,NSE
717TN33-SG,29914,NSE
TIGERLOGS-BE,759179,NSE
715TN32-SG,759181,NSE
719TN33-SG,759182,NSE
733JH34-SG,759183,NSE
778MZ37-SG,11294,NSE
915SCL27-Z7,11361,NSE
VAIBHAVGBL-EQ,11364,NSE
905SC24B-Z9,11368,NSE
72CG34-SG,29917,NSE
72TN55-SG,29941,NSE
722KA32-SG,29997,NSE
748PY36-SG,759187,NSE
749PN40-SG,759231,NSE
950ISF35-N0,759249,NSE
NDTV-EQ,11427,NSE
LICNETFSEN-EQ,11441,NSE
PILANIINVS-EQ,11445,NSE
685KA30-SG,300,NSE
WONDERLA-EQ,3002,NSE
905CIFL32-N0,30047,NSE
722JK32-SG,30072,NSE
QSIFHRG-SF,759298,NSE
707GJ34A-SG,759308,NSE
RUBICON-EQ,759316,NSE
751MP48-SG,759332,NSE
LLOYDS-SM,11472,NSE
KRIDHANINF-BE,11488,NSE
781GJ32-SG,11506,NSE
723HR39-SG,30081,NSE
726HP35-SG,30084,NSE
SELECTIPO-EQ,30109,NSE
692JH28-SG,30174,NSE
364D021026-TB,759341,NSE
73TS51-SG,759378,NSE
727AP36-SG,759387,NSE
GMBREW-EQ,1168,NSE
777JK37-SG,11604,NSE
SALSTEEL-EQ,11634,NSE
648GS2035-GS,759396,NSE
74MP47-SG,759493,NSE
975PCPL27-N0,759494,NSE
678WB35-SG,1169,NSE
783GA32-SG,11683,NSE
784RJ32-SG,11691,NSE
PATELENG-EQ,11699,NSE
717UK32-SG,30180,NSE
715TN33-SG,30182,NSE
717UP33-SG,30183,NSE
793NIIF32-N0,30200,NSE
919PFL28-N0,759561,NSE
788MFL28-N0,759498,NSE
GROWWSC250-EQ,759522,NSE
SOTL-EQ,3021,NSE
1025SCL35A-N1,30204,NSE
925SCL27B-N1,30220,NSE
971SCL30A-N1,30224,NSE
ALKEM-EQ,11703,NSE
CONSOFINVT-BE,11732,NSE
SAKSOFT-EQ,11794,NSE
754KA39-SG,759703,NSE
701TN32-SG,759735,NSE
MODIS-EQ,759752,NSE
ADVENTHTL-EQ,759769,NSE
1050SCL32-N1,30242,NSE
758LICH35A-N0,30277,NSE
ESSENTIA-EQ,30323,NSE
AMBER-EQ,1185,NSE
WELCORP-EQ,11821,NSE
SURYALAXMI-EQ,11852,NSE
JKPAPER-EQ,11860,NSE
FINBUD-SM,759776,NSE
692AVTL28-N0,759789,NSE
EUROPRATIK-EQ,759797,NSE
702AS30A-SG,30417,NSE
704RJ32-SG,30423,NSE
UTFDAIPIGI-MF,30425,NSE
71HP40-SG,30442,NSE
63MOONS-EQ,11868,NSE
787HP35-SG,11869,NSE
782NL32A-SG,11881,NSE
VHL-EQ,11892,NSE
CAPILLARY-EQ,759867,NSE
68KL31-SG,3070,NSE
684JK31-SG,3073,NSE
707TS55-SG,30453,NSE
NEUEON-BE,30554,NSE
ESG-EQ,1200,NSE
GEOJITFSL-EQ,11896,NSE
RITEZONE-SM,11910,NSE
768BR32-SG,11985,NSE
MOIPO-EQ,759891,NSE
803MFL31-N0,759899,NSE
724GJ33-SG,759910,NSE
BAJAJHIND-EQ,308,NSE
696JK35-SG,314,NSE
82HUDCO27-N2,31240,NSE
888ECL28-N1,759974,NSE
SUZLON-EQ,12018,NSE
AURIONPRO-EQ,12022,NSE
799GSGL28-N0,759941,NSE
JARO-EQ,759951,NSE
ECOLINE-ST,759964,NSE
SIMPLEXINF-EQ,3162,NSE
779MN42-SG,31613,NSE
781JK51-SG,31619,NSE
65KA30A-SG,1227,NSE
698GJ32-SG,759985,NSE
GROWWCAPM-EQ,760051,NSE
675RJ31-SG,3195,NSE
NITIRAJ-EQ,3247,NSE
SPIC-EQ,3252,NSE
901NHB34-N6,31970,NSE
768HR31-SG,12295,NSE
772WB41-SG,760062,NSE
675HP29-SG,760063,NSE
744ML35-SG,760093,NSE
749PN35A-SG,760094,NSE
SURYAROSNI-EQ,3375,NSE
79IGT28-NF,3433,NSE
749IGT28-NG,3442,NSE
BBOX-EQ,3435,NSE
763TS44-SG,12328,NSE
772BR41-SG,760147,NSE
182D270826-TB,760165,NSE
MOBILISE-ST,760199,NSE
677KA34-SG,35,NSE
THERMAX-EQ,3475,NSE
TATASTEEL-EQ,3499,NSE
TITAN-EQ,3506,NSE
762AS32-SG,12666,NSE
768JK37-SG,12701,NSE
72190LTFL2-N0,760211,NSE
729NHPC32-N0,760250,NSE
723TN35-SG,760341,NSE
694AP37-SG,3513,NSE
EQUIPPP-BE,3553,NSE
JUBLPHARMA-EQ,3637,NSE
915APSBC30-N0,760370,NSE
RUDRA-EQ,760392,NSE
895PAPL27-N0,760463,NSE
69RJ29-SG,760479,NSE
MAHLOG-EQ,385,NSE
678KL31-SG,3655,NSE
WEIZMANIND-EQ,3748,NSE
701AP39-SG,3762,NSE
747TN36-SG,760512,NSE
76KL42-SG,760518,NSE
759WB47-SG,760521,NSE
E2ERAIL-ST,760534,NSE
CORALFINAC-EQ,4007,NSE
ZENITHEXPO-EQ,4176,NSE
KHAITANLTD-EQ,3912,NSE
729NHPC34-N0,760537,NSE
729NHPC37-N0,760543,NSE
734KA34-SG,760564,NSE
759MP38A-SG,760570,NSE
691UP30A-SG,439,NSE
HDFCAMC-EQ,4244,NSE
DENORA-EQ,4279,NSE
943ECL28-NJ,4288,NSE
76WB47-SG,760589,NSE
603GS2029-GS,760622,NSE
9PCPL28-N0,760654,NSE
69GA30A-SG,440,NSE
GS220261C-GS,4555,NSE
678GA31-SG,4578,NSE
683MH32B-SG,4580,NSE
1225IFL28-N0,760656,NSE
765MZ41-SG,760670,NSE
763WB46-SG,760680,NSE
732KA33A-SG,760768,NSE
681KL31-SG,4581,NSE
AILIMITED-SM,4626,NSE
706TS41-SG,4792,NSE
775CG42-SG,760792,NSE
7PFCL36-N4,760802,NSE
754MH37-SG,760847,NSE
691TN31-SG,760877,NSE
696GA31-SG,4880,NSE
719ML41-SG,4895,NSE
FDC-EQ,4898,NSE
DSFCL-BE,760893,NSE
731TN33A-SG,760907,NSE
783HR43-SG,760922,NSE
782WB45-SG,760932,NSE
KOPRAN-BE,4951,NSE
675BR27-SG,4980,NSE
70UK31-SG,5040,NSE
784WB47-SG,760934,NSE
784TS47-SG,760936,NSE
FRACTAL-EQ,760961,NSE
734MP34-SG,761015,NSE
759KA38-SG,13049,NSE
753TS47-SG,13051,NSE
IIFLCAPS-EQ,13072,NSE
ORIENTCER-EQ,13111,NSE
GRINFRA-EQ,5054,NSE
SHEMAROO-BE,5072,NSE
875PFL31-N9,5155,NSE
INFRA-EQ,761030,NSE
805NMC30-N2,761076,NSE
805NMC35-N7,761081,NSE
INDUSINDBK-EQ,5258,NSE
758BR32-SG,13113,NSE
KERNEX-EQ,13121,NSE
SBIMIDMOM-EQ,761095,NSE
ACETEC-SM,761112,NSE
865IIFL31-Y6,761118,NSE
ALGOQUANT-EQ,761270,NSE
697AS31-SG,5416,NSE
EPIGRAL-EQ,5382,NSE
692HR30-SG,5415,NSE
755GA32-SG,13124,NSE
EBBETF0433-EQ,13139,NSE
PVRINOX-EQ,13147,NSE
753HR38-SG,761327,NSE
758KA40-SG,761329,NSE
797TOPO36-N0,761360,NSE
774TR41-SG,761372,NSE
699WB31-SG,5470,NSE
719KL51-SG,5479,NSE
749ML27-SG,13239,NSE
765GA32-SG,13243,NSE
JKCEMENT-EQ,13270,NSE
860IIFL27-N0,761391,NSE
809HFL33-N0,761426,NSE
766JCL31-N0,761436,NSE
777KL48-SG,761450,NSE
667GS2035-GS,5577,NSE
INTLCONV-EQ,5606,NSE
BSL-EQ,559,NSE
HEG-EQ,1336,NSE
M&MFIN-EQ,13285,NSE
ORTEL-BZ,13321,NSE
364D190327-TB,761481,NSE
779UP51-SG,761524,NSE
723EXIM31-N0,761526,NSE
727NBRD29A-N0,761536,NSE
687UP31-SG,5695,NSE
676TN31-SG,5742,NSE
935SCL28-NV,5861,NSE
762AR32-SG,13372,NSE
76KA32A-SG,13374,NSE
742HR32-SG,761552,NSE
761KA34-SG,761554,NSE
774ML35-SG,761558,NSE
776GA38-SG,761568,NSE
661KA30-SG,593,NSE
685AS31A-SG,5881,NSE
AXISBANK-EQ,5900,NSE
769PY37-SG,13397,NSE
768PN39-SG,13398,NSE
788KL46-SG,761576,NSE
ALSDP-SF,761593,NSE
AEROPLANE-EQ,761670,NSE
NIMBSPROJ-EQ,761720,NSE
SGBOCT26-GB,5960,NSE
689GJ31-SG,5977,NSE
705KL36-SG,5991,NSE
709TS40-SG,5998,NSE
RATNAMANI-EQ,13451,NSE
ALLCARGO-EQ,13501,NSE
RAMANEWS-EQ,13565,NSE
SBINMID150-EQ,761741,NSE
804WB52-SG,761753,NSE
GSPCROP-EQ,762239,NSE
865IRFC29-NA,603,NSE
665ML30-SG,609,NSE
COASTCORP-EQ,6006,NSE
PASUPTAC-BE,6048,NSE
765SICCL31-N0,762403,NSE
75HR29-SG,13594,NSE
PANSARI-EQ,6141,NSE
842IIFL26-NL,6197,NSE
BLIL-EQ,762603,NSE
GEECEE-BE,13662,NSE
INFOMEDIA-EQ,13693,NSE
757TN33-SG,13715,NSE
691MP40-SG,629,NSE
PREMIER-BE,6248,NSE
MEDICAMEQ-EQ,6278,NSE
GRANDOAK-EQ,762695,NSE
BBL-EQ,13761,NSE
GREENPANEL-EQ,13810,NSE
762UK33-SG,13716,NSE
PARSVNATH-BE,13795,NSE
DNAMEDIA-EQ,641,NSE
NIFTYETF-EQ,6353,NSE
703MN31-SG,6479,NSE
MERCANTILE-EQ,762792,NSE
DONEAR-EQ,13839,NSE
865IIFL28-NS,13852,NSE
KUANTUM-EQ,13870,NSE
765TN33-SG,13874,NSE
IRIS-EQ,6489,NSE
FOODSIN-EQ,6673,NSE
SAPPHIRE-EQ,6718,NSE
RRIL-EQ,762864,NSE
SAYAJIHOTL-EQ,762879,NSE
SIKA-EQ,762914,NSE
782TS47-SG,763067,NSE
76KL45-SG,13911,NSE
NFL-EQ,13925,NSE
LIQUID1-EQ,13950,NSE
364D290427-TB,763205,NSE
97CCSP29-N0,763272,NSE
684TS40-SG,68,NSE
698WB37-SG,6749,NSE
699MP41-SG,6750,NSE
795GS2032-GS,6835,NSE
807ABCL36-N0,763252,NSE
761SIDBI29-N0,763254,NSE
772UP36-SG,13973,NSE
765TN53-SG,13997,NSE
WANBURY-EQ,14063,NSE
775MN33-SG,763369,NSE
750TN32-SG,763285,NSE
11MCS27-N0,763292,NSE
BAGMANE-RR,763363,NSE
CHOLAFIN-EQ,685,NSE
824GS2027-GS,6884,NSE
IGPL-EQ,14086,NSE
764MP33-SG,14093,NSE
PTL-EQ,14101,NSE
NETWORK18-EQ,14111,NSE
785TCHFL29-N0,763382,NSE
774NBFID36-N0,763469,NSE
607RJ26-SG,6987,NSE
684RJ31B-SG,6990,NSE
687SK31-SG,6991,NSE
692AP41-SG,6992,NSE
762PY35-SG,14164,NSE
SGBOCT27VI-GB,14252,NSE
12VPT28-N0,763575,NSE
774GJ38-SG,763621,NSE
CIFCL29-N0,763632,NSE
MFL29-N0,763634,NSE
697GS2026-GS,7158,NSE
694WB36-SG,7160,NSE
GOLDETF-EQ,14286,NSE
REDINGTON-EQ,14255,NSE
759MP38-SG,14277,NSE
767NHPCL32-N0,763643,NSE
767NHPCL40-N0,763659,NSE
850HMDA36-N0,763681,NSE
850HMDA37-N0,763683,NSE
LYKALABS-BE,7248,NSE
MEDPLUS-EQ,7254,NSE
70NL31A-SG,7316,NSE
GANESHHOU-EQ,14339,NSE
769WB39-SG,14340,NSE
772MH31-SG,14367,NSE
364D280527-TB,763626,NSE
850HMDA38-N0,763685,NSE
850HMDA42-N0,763689,NSE
850HMDA39-N0,763711,NSE
COROMANDEL-EQ,739,NSE
SETFNN50-EQ,7353,NSE
DATAPATTNS-EQ,7358,NSE
NILASPACES-EQ,7411,NSE
771GJ33-SG,14374,NSE
UTIDGR36P1-MF,14394,NSE
GOLDBEES-EQ,14428,NSE
769TN33-SG,763735,NSE
774TN36-SG,763737,NSE
CSM-EQ,763753,NSE
765TS49-SG,763778,NSE
PHLSRG-SF,751272,NSE
762UK35-SG,753748,NSE
PHLSDDI-SF,751512,NSE
THEMISMED-EQ,14485,NSE
ABSLLIQUID-EQ,14518,NSE
765RJ53-SG,763779,NSE
91D011026-TB,763781,NSE
780NIIF31-N0,763817,NSE
TEJA-SM,763825,NSE
778HP44-SG,755721,NSE
712KA34-SG,7539,NSE
714JK36-SG,7543,NSE
766AS36-SG,753759,NSE
739NHAI31A-ND,14522,NSE
772AS33-SG,14539,NSE
DISHTV-EQ,14537,NSE
761MP44-SG,764039,NSE
764MN40-SG,764040,NSE
LASERPOWER-EQ,764126,NSE
77UK48-SG,764249,NSE
81ABCL33-N4,755943,NSE
8016ABCL29-NB,755950,NSE
8034ABCL34-NE,755953,NSE
81ABCL29-NI,755957,NSE
PHOENIXLTD-EQ,14552,NSE
774UP37-SG,14554,NSE
MCON-SM,14574,NSE
SRHHYPOLTD-EQ,14582,NSE
18PVL29A-N0,756037,NSE
WAAREERTL-EQ,756038,NSE
67RJ35-SG,756091,NSE
INDOMIM-EQ,764301,NSE
768AP51-SG,764326,NSE
129DCCL28-N0,764376,NSE
VELS-ST,14595,NSE
HILTON-BE,14631,NSE
772GJ34-SG,14643,NSE
GUJAPOLLO-EQ,14677,NSE
DABUR-EQ,772,NSE
770SHFL27-N0,756171,NSE
NPST-EQ,756324,NSE
668RJ35-SG,756788,NSE
JNPR-EQ,764408,NSE
182D040227-TB,764426,NSE
ANAWIL-ST,764449,NSE
HGS-EQ,14712,NSE
DLF-EQ,14732,NSE
HFMPM23RND-MF,14737,NSE
654UP30-SG,779,NSE
723WB32-SG,7857,NSE
725UK32-SG,7907,NSE
KEEPLEARN-EQ,778,NSE
684KL47-SG,756815,NSE
667AP32-SG,756854,NSE
678KL40-SG,756866,NSE
SENSEXAXIS-EQ,14742,NSE
011NSETEST-EQ,14747,NSE
MAHLIFE-EQ,8050,NSE
KTKBANK-EQ,8054,NSE
737AP38-SG,8122,NSE
686NHPCL39-N0,756921,NSE
925PFL30-N0,756952,NSE
680NHB32-N0,756996,NSE
031NSETEST-EQ,14753,NSE
071NSETEST-EQ,14764,NSE
ADSL-EQ,14813,NSE
ARUNAYA-ST,756899,NSE
734MN32-SG,8140,NSE
685AS29-SG,8186,NSE
713AP41-SG,8194,NSE
CRISIL-EQ,757,NSE
AONENIFTY-EQ,757096,NSE
MOMGF-EQ,757099,NSE
671TN35A-SG,757111,NSE
BANKA-EQ,822,NSE
MADHAVBAUG-ST,8262,NSE
699PY29-SG,8284,NSE
775CG31-SG,14816,NSE
797PN38-SG,14836,NSE
789WB40-SG,14844,NSE
784RJ41-SG,14845,NSE
683MN40-SG,757115,NSE
708TML28-N0,757123,NSE
930APMD34-N0,757174,NSE
930APMD35-N0,757176,NSE
PRITI-BE,8310,NSE
713TS34-SG,8333,NSE
725HR32-SG,8355,NSE
BLUECOAST-BE,8552,NSE
777MP47-SG,14850,NSE
776KL58-SG,14861,NSE
AKI-EQ,14890,NSE
TAKE-EQ,14917,NSE
708JCL28-N0,757345,NSE
682AP36-SG,757384,NSE
678AP37-SG,757385,NSE
655AP33-SG,864,NSE
HITECHGEAR-BE,8568,NSE
726HR32-SG,8575,NSE
NLCINDIA-EQ,8585,NSE
MOTILALOFS-EQ,14947,NSE
MAANALU-EQ,15017,NSE
667RJ30-SG,87,NSE
PROPEQUITY-SM,8735,NSE
H1876D46RQ-MF,8777,NSE
UMIYA-MRO-EQ,8998,NSE
UFO-EQ,9039,NSE
692WB45-SG,757395,NSE
640TN32-SG,757398,NSE
74242ABC30-N0,757417,NSE
666TN35-SG,757430,NSE
668UP30-SG,92,NSE
STLTECH-BE,9313,NSE
MOS-ST,15057,NSE
ENERGYDEV-EQ,15049,NSE
776AP32-SG,9438,NSE
RELCHEMQ-EQ,9652,NSE
708TS57-SG,757442,NSE
SCL01825-N6,757462,NSE
902SCL2030-NG,757472,NSE
920SCL32-NK,757476,NSE
64MH30-SG,973,NSE
EMUDHRA-EQ,9756,NSE
79AP33-SG,9785,NSE
TIL-BE,9802,NSE
INDIACEM-EQ,1515,NSE
RHL-EQ,15157,NSE
660RECL27-N0,757577,NSE
ARIS-EQ,757614,NSE
SMARTEN-ST,757622,NSE
778AIFL30-N0,757639,NSE
EPL-EQ,981,NSE
RILINFRA-SM,9854,NSE
794TN32-SG,9869,NSE
769GS2043-GS,9888,NSE
760ABCL35-N0,757723,NSE
715HR40-SG,757752,NSE
SUNTECH-ST,757766,NSE
DVL-EQ,15214,NSE
AMBIKCO-EQ,15234,NSE
728HP47-SG,757830,NSE
715RJ53-SG,757833,NSE
9AEL30-NE,757874,NSE
652PY30-SG,994,NSE
785RJ39-SG,9952,NSE
829PFL29-N6,9975,NSE
741AP30-SG,15262,NSE
745RJ33-SG,15309,NSE
747PN43-SG,15319,NSE
747WB43-SG,15320,NSE
719JCL28-N0,757898,NSE
719PN49-SG,757914,NSE
713MH48-SG,757935,NSE
628GS2032-GS,757994,NSE
CUDML-ST,758156,NSE
8IHFL27-N0,758163,NSE
719TS44-SG,758194,NSE
684JK31A-SG,758202,NSE
810TOPO29-N0,758238,NSE
670RECL29-N0,758296,NSE
GMMPFAUDLR-EQ,1570,NSE
RAIN-EQ,15337,NSE
739HR31-SG,15500,NSE
KRT-RR,758431,NSE
757LICH29A-N0,758471,NSE
KALPATARU-EQ,758558,NSE
67MH28-SG,158,NSE
INFY-EQ,1594,NSE
732TS48-SG,15783,NSE
744TN55-SG,758582,NSE
749KL56-SG,758586,NSE
754TS53-SG,758666,NSE
MANUFGBEES-EQ,758667,NSE
MGEL-BE,1598,NSE
734RJ33-SG,16062,NSE
729KL49-SG,16092,NSE
813AIFL32-N0,758695,NSE
LTGILTCASE-EQ,758705,NSE
757RJ43-SG,758723,NSE
775WB47-SG,758727,NSE
FAIRCHEMOR-BE,1619,NSE
IOC-EQ,1624,NSE
738AP35-SG,16244,NSE
732TN53-SG,16274,NSE
714TN35-SG,758816,NSE
699TN32-SG,758831,NSE
KAYTEX-SM,758868,NSE
773AIFL26-N0,758874,NSE
737AP33-SG,16290,NSE
735RJ43-SG,16374,NSE
MMP-EQ,16395,NSE
AONEGOLD-EQ,758904,NSE
772TS57-SG,758920,NSE
774KL60-SG,758921,NSE
763AS35-SG,758931,NSE
674GA30-SG,165,NSE
657HP30A-SG,1647,NSE
726HP29-SG,16638,NSE
729CG30-SG,16640,NSE
SML100CASE-EQ,758955,NSE
742WB36-SG,759030,NSE
714NL30-SG,759166,NSE
729HP31-SG,16641,NSE
732HR33-SG,16648,NSE
ALMONDZ-EQ,16719,NSE
734MH31-SG,16782,NSE
734HR31-SG,16784,NSE
KOKUYOCMLN-EQ,16827,NSE
739GA35-SG,759184,NSE
748MZ36-SG,759186,NSE
TATACAP-EQ,759265,NSE
70826LTF28-N0,759287,NSE
761ABCL35A-N0,759300,NSE
744TS56-SG,759338,NSE
TOUCHWOOD-EQ,16908,NSE
JOCIL-BE,16931,NSE
745PN34-SG,16981,NSE
PACEDIGITK-EQ,759342,NSE
706GJ33-SG,759385,NSE
SHEEL-ST,759410,NSE
ELIQUID-EQ,759466,NSE
747GA38-SG,16982,NSE
742TN43-SG,16992,NSE
739TN53-SG,17003,NSE
975CCSP28-N0,759474,NSE
MIDWESTLTD-EQ,759517,NSE
PIRAMALFIN-EQ,759551,NSE
URAVIDEF-BE,17081,NSE
985CCSP28-N0,759592,NSE
EMMVEE-EQ,759728,NSE
725MH37-SG,759740,NSE
ITADD-EQ,17207,NSE
ARMANFIN-EQ,17263,NSE
746JK45-SG,759745,NSE
ENERGY-EQ,759780,NSE
765TMCV27-N0,759787,NSE
DRONE-SM,17372,NSE
SETF10GILT-EQ,17395,NSE
SERVICE-SM,17399,NSE
684GJ31B-SG,759852,NSE
75TS51-SG,759861,NSE
TENNIND-EQ,759880,NSE
665TS40-SG,1742,NSE
NHPC-EQ,17400,NSE
NETWEB-EQ,17433,NSE
736KL41-SG,17459,NSE
725MPL29-N0,759901,NSE
74GJ36-SG,759915,NSE
MAHASTEEL-BE,17531,NSE
LIQUID-EQ,17572,NSE
714SECIL35-N0,759949,NSE
708PFCL35-N0,759981,NSE
674SIDBI29-N0,759983,NSE
KSR-EQ,759987,NSE
AONETMMQ50-EQ,759992,NSE
741HR40-SG,760019,NSE
MAHEPC-EQ,17603,NSE
PSUBANKADD-EQ,17616,NSE
745AS33A-SG,17642,NSE
744MP38-SG,760070,NSE
759AP44-SG,760085,NSE
752TN55-SG,760090,NSE
739TPL28-N0,760131,NSE
749RJ34-SG,17652,NSE
SOMICONVEY-EQ,17794,NSE
769AP42A-SG,760148,NSE
730SPRL27-N0,760157,NSE
735SPRL28-N0,760159,NSE
MANILAM-SM,760174,NSE
747AP32-SG,17852,NSE
AEQUS-EQ,760234,NSE
727GJ34-SG,760339,NSE
PGIMCSA1G-MF,17985,NSE
SANGANI-SM,18035,NSE
NEPHROPLUS-EQ,760346,NSE
915APSBC32-N0,760374,NSE
915APSBC35-N0,760380,NSE
KAJARIACER-EQ,1808,NSE
BPF01MDR-MF,18171,NSE
BPF01QDR-MF,18173,NSE
ICICIAMC-EQ,760407,NSE
TOP20-EQ,760415,NSE
659RJ31-SG,1836,NSE
FICRFD3GPD-MF,18181,NSE
FISTIPD3MD-MF,18199,NSE
895PAPL28-N0,760465,NSE
754MP46-SG,760476,NSE
DHARARAIL-ST,760492,NSE
732KA33-SG,760506,NSE
716KA31-SG,760560,NSE
769WB49-SG,760608,NSE
715KA31-SG,760615,NSE
747GJ36-SG,760630,NSE
KARURVYSYA-EQ,1838,NSE
FISTIPIP3G-MF,18388,NSE
TCPLPACK-EQ,184,NSE
RBLBANK-EQ,18391,NSE
747GA33-SG,18403,NSE
744MN35-SG,18406,NSE
759UK38-SG,760635,NSE
7EHLS346-N0,760652,NSE
764WB42A-SG,760677,NSE
761HR43-SG,760678,NSE
KCP-EQ,1841,NSE
744HR35-SG,18407,NSE
744TS39A-SG,18410,NSE
ASIANHOTNR-EQ,18422,NSE
761TS52-SG,760682,NSE
VICTORYEV-ST,760694,NSE
NEXT50ETF-EQ,760709,NSE
767WB44A-SG,760755,NSE
719GS2060-GS,18474,NSE
CAGL28-NE,18498,NSE
CUPID-EQ,18520,NSE
758TS48-SG,760757,NSE
749OR36-SG,760774,NSE
763MP48-SG,760788,NSE
772JK43A-SG,760794,NSE
66UK31-SG,1854,NSE
746MP39-SG,18536,NSE
746TS42-SG,18537,NSE
746AP41-SG,18539,NSE
745SDIP36-N0,760797,NSE
717GJ32-SG,760841,NSE
CKKRETAIL-SM,760854,NSE
703GJ32-SG,760878,NSE
74GJ36A-SG,760885,NSE
722SIDBI29-N0,760903,NSE
719KA32A-SG,760906,NSE
RRKABEL-EQ,18566,NSE
KIRLOSBROS-EQ,18581,NSE
879SCL26-NC,18632,NSE
SCLZC26A-NF,18638,NSE
KNAGRI-EQ,760923,NSE
ICICIPRULI-EQ,18652,NSE
747CG30-SG,18689,NSE
JETKNIT-ST,18700,NSE
MASKINVEST-EQ,18727,NSE
780TS42-SG,760919,NSE
BIOPOL-SM,760942,NSE
KWIL-EQ,760946,NSE
CARYSIL-EQ,1879,NSE
MARCO-SM,18773,NSE
HIGREEN-SM,18794,NSE
TARAPUR-EQ,18827,NSE
1225DCCL27-N0,760956,NSE
925ISF29-N0,760991,NSE
772MP45-SG,761017,NSE
712TN32-SG,761019,NSE
597CG27-SG,1887,NSE
GICL-EQ,761025,NSE
NIRAJISPAT-EQ,18840,NSE
925SCL28C-BS,18859,NSE
CEINSYS-EQ,761037,NSE
805NMC34-N6,761080,NSE
STRIDERS-SM,761091,NSE
SJVN-EQ,18883,NSE
888SCL25E-N4,18906,NSE
743TN53A-SG,18922,NSE
INA-EQ,761099,NSE
920SCL36-N0,761110,NSE
SOCL-SM,761202,NSE
EPWINDIA-ST,761217,NSE
756NIIF31-N0,761301,NSE
815CHLI36-N0,761305,NSE
753SK36A-SG,761324,NSE
663AP37-SG,1905,NSE
SUNDARAM-EQ,18931,NSE
759MN35-SG,18991,NSE
775AR46-SG,761378,NSE
77WB48-SG,761380,NSE
RSL-EQ,761439,NSE
749RJ36-SG,761459,NSE
ITBEES-EQ,19084,NSE
KIOCL-EQ,19126,NSE
MAL-SM,19134,NSE
757UP38-SG,761474,NSE
779WB51-SG,761535,NSE
738NL31-SG,761550,NSE
753HR33-SG,19179,NSE
SENSEXETF-EQ,19224,NSE
AARTISURF-EQ,19233,NSE
ARVIND-EQ,193,NSE
758TN35-SG,761559,NSE
787SK36-SG,761560,NSE
768KL36-SG,761562,NSE
788MN39-SG,761570,NSE
KREBSBIO-EQ,1937,NSE
PROLIFE-SM,19352,NSE
CANARYS-SM,19368,NSE
BOROLTD-EQ,19401,NSE
115VCCL31-N0,761599,NSE
807AP51-SG,761658,NSE
807TS56-SG,761659,NSE
77GA33-SG,19481,NSE
769UP35A-SG,19485,NSE
PLADAINFO-SM,19492,NSE
182D081026-TB,761686,NSE
782MP40-SG,761718,NSE
AAFS31A-N0,761725,NSE
PHFL29-N0,761733,NSE
662TS41-SG,1959,NSE
762HP43-SG,19519,NSE
765TN33A-SG,19524,NSE
809MP50-SG,761751,NSE
799RJ41-SG,761761,NSE
87HMDA39-N0,761809,NSE
888CIFCL33-N0,761992,NSE
990SCL26-N7,19760,NSE
902SCL26-N8,19763,NSE
SCL26-NA,19770,NSE
BATLIBOI-EQ,762568,NSE
980SCL33C-ND,19776,NSE
TRANSTEEL-SM,19801,NSE
RMC-EQ,762346,NSE
775RJ36-SG,19903,NSE
759RJ46-SG,19906,NSE
77GA33A-SG,19910,NSE
BTTL-BE,762621,NSE
GNRL-EQ,762690,NSE
INVPRECQ-BE,762725,NSE
888IRFC29-NE,1999,NSE
851HUDCO28-NB,19964,NSE
858HUDCO29-NC,19966,NSE
71JK30-SG,20018,NSE
KIRANVYPAR-EQ,762742,NSE
MAFATIND-EQ,762772,NSE
MCCHRLS-B-EQ,762782,NSE
AHLADA-EQ,2004,NSE
711HP30-SG,20040,NSE
TASTYBITE-EQ,20092,NSE
NEAGI-EQ,762812,NSE
SCANSTL-BE,762887,NSE
SURYALA-EQ,762924,NSE
718BR30-SG,20109,NSE
GREENPOWER-EQ,20110,NSE
RAMKY-EQ,20134,NSE
ROXHITECH-SM,20167,NSE
ZSARACOM-EQ,762985,NSE
779AP42-SG,763076,NSE
7616ABHF29-N0,763147,NSE
CITIUSINVT-IV,763149,NSE
663HP33-SG,2023,NSE
765GA33-SG,20238,NSE
769BR35-SG,763194,NSE
708UK29-SG,763201,NSE
10MWL29-N0,763206,NSE
773TN36-SG,763284,NSE
767NL33B-SG,20243,NSE
IREDA-EQ,20261,NSE
745GJ30-SG,20277,NSE
182D051126-TB,763288,NSE
364D060527-TB,763289,NSE
797TACA31-N0,763361,NSE
775HR35A-SG,20353,NSE
704GJ30-SG,20359,NSE
764RJ49-SG,20366,NSE
COALINDIA-EQ,20374,NSE
777ML36-SG,763370,NSE
771GS2066-GS,763489,NSE
1175IFL28A-N0,763510,NSE
72AP30-SG,20574,NSE
787RJ41-SG,763524,NSE
TACA29-N0,763534,NSE
SBISMLETF-EQ,763543,NSE
SBIVALETF-EQ,763546,NSE
860CIFCL28-NG,20443,NSE
DOMS-EQ,20551,NSE
ASHIMASYN-EQ,206,NSE
658GA30-SG,20598,NSE
SHREEOSFM-SM,20603,NSE
SUPERHOUSE-EQ,20616,NSE
PVTBKGROWW-EQ,763572,NSE
BMLL-SM,763598,NSE
884LTF29-N6,20648,NSE
885LTF27-NE,20671,NSE
763ML32-SG,20731,NSE
762UP34-SG,20735,NSE
182D271126-TB,763625,NSE
767NHPCL34-N0,763647,NSE
850HMDA33-N0,763693,NSE
91D030926-TB,763740,NSE
765HP35-SG,20738,NSE
RPPINFRA-EQ,20760,NSE
JAMNAAUTO-EQ,20778,NSE
1050ISFL28-N5,20784,NSE
762PN39-SG,763776,NSE
765TS55A-SG,763780,NSE
182D311226-TB,763782,NSE
716NBRD29-N0,763837,NSE
SUMEETINDS-EQ,20790,NSE
SURAJEST-EQ,20822,NSE
716KA30-SG,20845,NSE
768IREDA33-N8,20848,NSE
714UP32-SG,764042,NSE
PSIFHLSDG-SF,764210,NSE
756AS36-SG,764242,NSE
SIHF29B-N0,764279,NSE
688RJ46-SG,2089,NSE
696HR40-SG,20860,NSE
A2ZINFRA-EQ,20906,NSE
722GA29-SG,20916,NSE
724AS30-SG,20917,NSE
654GA30-SG,20921,NSE
767UP33-SG,20938,NSE
PSB-EQ,21001,NSE
SCLZC26G-YA,21008,NSE
648AP32-SG,21039,NSE
73HP30-SG,21051,NSE
688AP35-SG,21054,NSE
743GJ27-SG,21133,NSE
779PN38-SG,21166,NSE
77AP43A-SG,21168,NSE
875TCAPS29-NB,21227,NSE
885TCAPS29-NC,21229,NSE
657AP30-SG,21235,NSE
694UP31-SG,2140,NSE
771KA38-SG,21283,NSE
765PGCIL34-N0,21315,NSE
66GA30-SG,21389,NSE
651KA31-SG,21419,NSE
MOM100-EQ,21423,NSE
768AS31-SG,21496,NSE
764GJ33-SG,21500,NSE
767CG33-SG,21502,NSE
768KA39-SG,21513,NSE
7505SDIL31-N0,764306,NSE
768RJ44-SG,764327,NSE
805JCL31-N0,764383,NSE
MOOILGAS-EQ,764405,NSE
764OR40-SG,764422,NSE
MIDBANKADD-EQ,764428,NSE
850IIFL27-NA,7662,NSE
843IHFL29-NC,7668,NSE
714PN32-SG,7708,NSE
719PN37-SG,7714,NSE
722AP42-SG,7715,NSE
714RJ32-SG,7819,NSE
733KA37-SG,7858,NSE
645RJ27A-SG,7894,NSE
AVANTIFEED-EQ,7936,NSE
BSHSL-BE,812,NSE
AJANTPHARM-EQ,8124,NSE
732AS32-SG,8138,NSE
SPENCERS-EQ,8163,NSE
MANYAVAR-EQ,8167,NSE
709RJ32-SG,8191,NSE
713KA38-SG,8301,NSE
SGBJAN27-GB,8308,NSE
651HP30-SG,840,NSE
715GA32-SG,8326,NSE
717WB32-SG,8332,NSE
728JH37-SG,8360,NSE
64GJ30A-SG,846,NSE
SMVD-SM,847,NSE
VIPULLTD-BE,8437,NSE
TVSMOTOR-EQ,8479,NSE
739JK37-SG,8496,NSE
724RJ32B-SG,8574,NSE
74TN42-SG,8590,NSE
AKSHOPTFBR-BE,8595,NSE
713RJ29-SG,8680,NSE
733AS32-SG,8688,NSE
734UK32-SG,8689,NSE
734UP32-SG,8693,NSE
677AP38-SG,876,NSE
739TN42-SG,8719,NSE
H1876D46DG-MF,8773,NSE
KHAICHEM-EQ,896,NSE
IVP-BE,8857,NSE
MINDPOOL-SM,8900,NSE
ROTO-EQ,9049,NSE
INDOAMIN-BE,9120,NSE
ARROWGREEN-BE,9264,NSE
RAINBOW-EQ,9408,NSE
763MH30-SG,9437,NSE
MAHESHWARI-BE,9577,NSE
754GS2036-GS,9585,NSE
772JK32-SG,9717,NSE
GSTL-SM,9764,NSE
79AP34-SG,9797,NSE
HAVELLS-EQ,9819,NSE
646GJ30-SG,982,NSE
807AP36-SG,9830,NSE
804AP41-SG,9871,NSE
659UP30-SG,997,NSE
ALANKIT-EQ,9921,NSE
786MZ32-SG,9922,NSE
784TN52-SG,9953,NSE
0ABCL31-N0,763751,NSE
364D010727-TB,763783,NSE
LDL30-N0,763791,NSE
764CG42-SG,764033,NSE
756HP39-SG,764034,NSE
707WB31-SG,764044,NSE
RIR-EQ,764121,NSE
751AP36-SG,764147,NSE
759TN41-SG,764150,NSE
PVTBANK-EQ,764195,NSE
766BR41-SG,764243,NSE
77OR44-SG,764248,NSE
706GS2041-GS,764295,NSE
11RCPL28-N0,764331,NSE
HDFCNIMEG-EQ,764336,NSE
910TIAPL33-N0,764343,NSE
904NACL28-N0,764362,NSE
INSUREIETF-EQ,764364,NSE
MOMETAL-EQ,764402,NSE
694OR30-SG,764419,NSE
762TN41-SG,764423,NSE
91D051126-TB,764425,NSE
820IIFL27-N9,7648,NSE
MONARCH-EQ,7679,NSE
10CHI36-N0,764431,NSE
731KA35-SG,7816,NSE
729KA34-SG,7823,NSE
69PY28-SG,7893,NSE
ZYDUSLIFE-EQ,7929,NSE
BYKE-BE,7930,NSE
SILVERIETF-EQ,7942,NSE
SILVERBEES-EQ,8080,NSE
OILCOUNTUB-BE,8109,NSE
699MH29-SG,8128,NSE
BLBLIMITED-EQ,8132,NSE
704TN30A-SG,8134,NSE
SAGARDEEP-EQ,8175,NSE
712PN37-SG,8197,NSE
702TN30-SG,8287,NSE
71TN32-SG,8292,NSE
713BR32-SG,8298,NSE
712GJ32-SG,8324,NSE
714TN32-SG,8325,NSE
725GJ32-SG,8354,NSE
717KL32-SG,8329,NSE
713HR42-SG,8336,NSE
HFCL-EQ,21951,NSE
80NL30-SG,21995,NSE
703NL30-SG,21997,NSE
722AP28-SG,22031,NSE
748AP38-SG,8363,NSE
733TN52A-SG,8371,NSE
733TN57-SG,8372,NSE
SGBMAR30X-GB,8401,NSE
704RJ30-SG,22048,NSE
654RJ30-SG,22059,NSE
728UP29-SG,22098,NSE
691UP30-SG,22100,NSE
H1861D46DG-MF,8445,NSE
MITCON-BE,8475,NSE
719TN32-SG,8491,NSE
746WB40-SG,8499,NSE
775TN30-SG,22104,NSE
733TN54-SG,22115,NSE
694TN50-SG,22126,NSE
MID150BEES-EQ,8506,NSE
SURANI-SM,8513,NSE
742KL34-SG,8579,NSE
LOWVOL1-EQ,8632,NSE
633TN30-SG,22135,NSE
649TN50-SG,22136,NSE
717TR30-SG,22140,NSE
726WB34-SG,22146,NSE
676PN40-SG,877,NSE
731KL32-SG,8686,NSE
744AP42-SG,8721,NSE
SGBFEB27-GB,8766,NSE
698WB35-SG,22149,NSE
714SK30-SG,22154,NSE
718CG27-SG,22161,NSE
704UK30-SG,22170,NSE
H1876D46DD-MF,8770,NSE
VERANDA-EQ,8890,NSE
654WB35-SG,22173,NSE
664TS50-SG,22183,NSE
799TS35-SG,22204,NSE
722AP31-SG,22215,NSE
EQUITASBNK-EQ,913,NSE
ANUP-EQ,9014,NSE
748PN42-SG,9099,NSE
718UP30A-SG,22221,NSE
EBBETF0431-EQ,22239,NSE
644UP30-SG,22262,NSE
636HP28-SG,22267,NSE
ELECTCAST-EQ,928,NSE
843SCL27-YS,9273,NSE
889SCL27-YT,9277,NSE
IL&FSENGG-BZ,9380,NSE
62RJ27-SG,22272,NSE
655AP35-SG,22294,NSE
645MN30-SG,22301,NSE
648KA30-SG,22335,NSE
PGHL-EQ,940,NSE
IL&FSTRANS-BZ,9381,NSE
778AP41-SG,9450,NSE
646RJ30-SG,22340,NSE
MCL-EQ,22360,NSE
68GS2060-GS,22438,NSE
676MP33-SG,95,NSE
763AP30-SG,9531,NSE
762GS2039-GS,9538,NSE
703RJ36-SG,2248,NSE
BANKBETA-EQ,22440,NSE
763MH35-SG,22500,NSE
766HR36-SG,22501,NSE
KHANDSE-EQ,9641,NSE
772MN32-SG,9718,NSE
769PN36-SG,22503,NSE
DELAPLEX-SM,22527,NSE
DHTL-SM,22533,NSE
643AP30-SG,976,NSE
648MZ30-SG,988,NSE
ETHOSLTD-EQ,9750,NSE
789MH32-SG,9822,NSE
PFS-EQ,22602,NSE
752AS34-SG,22612,NSE
749HR36-SG,22616,NSE
748MP41-SG,22623,NSE
ONEPOINT-EQ,9939,NSE
708UP31-SG,2264,NSE
705WB31-SG,2265,NSE
707AS31-SG,2266,NSE
AAFS27A-N0,22654,NSE
744TS46-SG,22706,NSE
799TCL29-NE,22684,NSE
ALPEXSOLAR-SM,22688,NSE
IRISDOREME-EQ,2275,NSE
746JK49-SG,22707,NSE
748IRFC34A-NQ,22735,NSE
744MP40-SG,22756,NSE
MRF-EQ,2277,NSE
850NIRMA27-N7,22811,NSE
ALPHA27-N1,22856,NSE
743BR39-SG,22870,NSE
755DDL39-N0,22944,NSE
83044SMF29-N3,23009,NSE
1119NFL27-ND,23125,NSE
SCILAL-EQ,23127,NSE
824LTF27-NQ,23153,NSE
747CG33-SG,23192,NSE
746RJ34-SG,23194,NSE
75SK34-SG,23200,NSE
745HR35B-SG,23202,NSE
75MN36-SG,23204,NSE
742TS41-SG,23210,NSE
780BFL27-N0,23240,NSE
768SIDBI27-N3,23252,NSE
762NABAR29-N3,23254,NSE
990SCL27-YT,23293,NSE
752WB39-SG,23328,NSE
751UP40-SG,23329,NSE
748MH42-SG,23331,NSE
75MH44-SG,23332,NSE
749HR35-SG,23348,NSE
749CG35-SG,23349,NSE
MUTF27-NL,23363,NSE
746ML34-SG,23426,NSE
746AP41B-SG,23431,NSE
171NSETEST-EQ,23446,NSE
RUBYMILLS-BE,10123,NSE
GOLDSTAR-SM,1,NSE
94SFL28-YL,1001,NSE
757GS2033-GS,10046,NSE
SINCLAIR-EQ,23480,NSE
745MH38A-SG,23536,NSE
AIIL-EQ,23553,NSE
795SHFL34-N2,23563,NSE
ORICONENT-EQ,10159,NSE
786HR32-SG,10202,NSE
793TS35-SG,10207,NSE
795AP40-SG,10216,NSE
1035CCSP27-N3,23604,NSE
754PN32-SG,23630,NSE
749TN44-SG,23640,NSE
749AP44-SG,23641,NSE
747KL50-SG,23643,NSE
789SDIL29-N1,23656,NSE
903MFL29-NN,23665,NSE
935MOFSL29-N5,23708,NSE
RAMASTEEL-BE,10304,NSE
783MN32-SG,10368,NSE
AADHARHFC-EQ,23729,NSE
EMMIL-SM,23745,NSE
744TS41-SG,23756,NSE
741JK49-SG,23760,NSE
SATIN-EQ,10453,NSE
NAVNETEDUL-EQ,2385,NSE
782RJ44-SG,10525,NSE
743HP28-SG,10559,NSE
SHREEPUSHK-EQ,10588,NSE
770NABAR27-N4,23797,NSE
BSLGOLDETF-EQ,23804,NSE
737RJ39-SG,23879,NSE
TEAMGTY-EQ,10717,NSE
INDIAMART-EQ,10726,NSE
722AP37-SG,2395,NSE
758RECL29-NQ,23894,NSE
743TS43-SG,24011,NSE
748PN35-SG,24007,NSE
UTFIAIPRRI-MF,24061,NSE
744IRF34-N0,24065,NSE
805TCHFL29-NG,24089,NSE
OAL-EQ,10768,NSE
AHIMSA-ST,10770,NSE
NUCLEUS-EQ,10791,NSE
743AP44-SG,24012,NSE
761HR32-SG,10853,NSE
GVPTECH-EQ,10865,NSE
FALCONTECH-SM,24150,NSE
77TN42-SG,10844,NSE
732KL41-SG,24191,NSE
793TPRE29-N0,24257,NSE
SYLVANPLY-SM,24267,NSE
679MP40-SG,1095,NSE
748HP33-SG,10958,NSE
745AP42-SG,10963,NSE
INDORAMA-EQ,10993,NSE
736AP48-SG,24343,NSE
LIQUIDSHRI-EQ,24374,NSE
736AP45-SG,24340,NSE
833PHFL29-N0,24372,NSE
NATHBIOGEN-EQ,11065,NSE
COFFEEDAY-BE,11169,NSE
KANDARP-SM,11208,NSE
ABGSEC-EQ,24404,NSE
820ABSLI34-N0,24443,NSE
GTECJAINX-BE,1135,NSE
TVTODAY-EQ,11275,NSE
768UP32-SG,11289,NSE
PVTBANIETF-EQ,11386,NSE
812ABHF29-N0,24466,NSE
SAHAJSOLAR-SM,24478,NSE
736IOCL29-N0,24484,NSE
SATIPOLY-ST,24507,NSE
POONAWALLA-EQ,11403,NSE
SPANDANA-EQ,11435,NSE
LT-EQ,11483,NSE
OILIETF-EQ,24533,NSE
MAITHANALL-EQ,24538,NSE
APARINDS-EQ,11491,NSE
762GJ29-SG,11589,NSE
LINCOLN-EQ,11596,NSE
GOLDENTOBC-BZ,11619,NSE
RELTD-EQ,24596,NSE
VLINFRA-SM,24606,NSE
730MH39-SG,24653,NSE
NARMADA-EQ,11627,NSE
NTPC-EQ,11630,NSE
791UP37-SG,11697,NSE
781KL44-SG,11706,NSE
734RJ45A-SG,24658,NSE
1650RARL27-N0,24693,NSE
818TFSIL27-N0,24695,NSE
BULKCORP-SM,24701,NSE
728IRFC30-NG,11730,NSE
725IRFC35-NH,11748,NSE
782RJ32-SG,11765,NSE
ACEINTEG-EQ,11779,NSE
RAJINDLTD-SM,24707,NSE
ASHALOG-SM,24711,NSE
AKUMS-EQ,24715,NSE
723TN34-SG,24753,NSE
SHAHALLOYS-EQ,11856,NSE
93SCL24A-ZN,11861,NSE
776HR30-SG,11867,NSE
IPSL-SM,11903,NSE
727MH39-SG,24756,NSE
727MH44-SG,24759,NSE
73AS39-SG,24765,NSE
GENUSPOWER-EQ,11905,NSE
SWELECTES-EQ,11909,NSE
ANZEN-IV,11945,NSE
735NHAI31-N9,11954,NSE
890MFL27A-N0,24794,NSE
MANCREDIT-EQ,24823,NSE
POSITRON-SM,24864,NSE
VIVIMEDLAB-BE,11968,NSE
AEROENTER-EQ,12015,NSE
FIVESTAR-EQ,12032,NSE
722MH45-SG,24890,NSE
709GS2054-GS,24949,NSE
SURAJLTD-EQ,24966,NSE
WINDMACHIN-EQ,24969,NSE
GOODYEAR-EQ,1205,NSE
723GA34-SG,25009,NSE
BODALCHEM-BE,25021,NSE
725IRFC34-N0,25031,NSE
VDEAL-SM,25054,NSE
ECOSMOBLTY-BE,25062,NSE
AERON-SM,25065,NSE
PARAMATRIX-SM,25069,NSE
635MH28-SG,1212,NSE
653HP29-SG,1215,NSE
DELTAMAGNT-EQ,1214,NSE
DOLATALGO-EQ,12124,NSE
774KA37-SG,12311,NSE
725AP44-SG,25099,NSE
706TN29A-SG,25105,NSE
719TN32A-SG,25106,NSE
658UP30-SG,1239,NSE
RVTH-EQ,25157,NSE
932AEL27-N3,25283,NSE
OSELDEVICE-SM,25386,NSE
659RJ30A-SG,1241,NSE
717ML31-SG,2551,NSE
PANAMAPET-EQ,25392,NSE
715WB45-SG,25480,NSE
824PHFL28-N0,25508,NSE
724JK36-SG,2563,NSE
MOTHERSON-D1,25510,NSE
1025SCL34B-N1,25575,NSE
KRN-EQ,25643,NSE
CASTROLIND-EQ,1250,NSE
VINNY-EQ,12490,NSE
975PCPL27A-N0,25657,NSE
950ISF26-N0,25662,NSE
FORGEAUTO-SM,25664,NSE
711AP38-SG,25685,NSE
673TS50-SG,1256,NSE
69KA27-SG,25699,NSE
713AS34A-SG,25770,NSE
764AP33-SG,12689,NSE
714SK34-SG,25771,NSE
715MP35-SG,25772,NSE
814TPL27-N0,25782,NSE
708KA34B-SG,25831,NSE
VAL30IETF-EQ,25851,NSE
1025UCL26A-N1,25914,NSE
763KA42-SG,12710,NSE
AMJLAND-EQ,2598,NSE
716AP47-SG,25966,NSE
AVL-EQ,25984,NSE
KRISHANA-EQ,12847,NSE
N1NSETEST-EQ,12848,NSE
PARTYCRUS-SM,2599,NSE
729KA39-SG,2656,NSE
718SK31-SG,2681,NSE
V1NSETEST-EQ,12863,NSE
724KA38-SG,2693,NSE
713HR36A-SG,27004,NSE
715AP47-SG,27009,NSE
POLYPLEX-EQ,2687,NSE
755BR32A-SG,13038,NSE
757HP32-SG,13117,NSE
890BTL34-N0,27021,NSE
726IIFCL34-N0,27038,NSE
SWIGGY-EQ,27066,NSE
HARRMALAYA-EQ,1313,NSE
REPRO-EQ,13126,NSE
763KA39-SG,13128,NSE
712HR37-SG,27117,NSE
715IRFC39-N0,27121,NSE
705GJ29-SG,27183,NSE
714AP34A-SG,27187,NSE
769MN34-SG,13252,NSE
77MZ35-SG,13256,NSE
LANDMARK-EQ,13276,NSE
717GA35-SG,27197,NSE
719HR37-SG,27199,NSE
718WB39-SG,27202,NSE
716TN54A-SG,27207,NSE
DOLLEX-SM,13323,NSE
VAKRANGEE-EQ,13342,NSE
KFINTECH-EQ,13359,NSE
758JH31-SG,13368,NSE
763KL32-SG,13375,NSE
769TN37-SG,13393,NSE
711GJ31-SG,2721,NSE
737IREDA31-N0,27226,NSE
741BOI34-N0,27278,NSE
774LICH27-N0,27280,NSE
SUNTV-EQ,13404,NSE
GPIL-EQ,13409,NSE
RSYSTEMS-EQ,13414,NSE
LOKESHMACH-BE,13439,NSE
HOMESFY-SM,13526,NSE
MANUGRAPH-BE,13575,NSE
778SHFL28-N0,27282,NSE
ABHAPOWER-SM,27284,NSE
711AP39-SG,27323,NSE
704GJ32-SG,27327,NSE
706CG29-SG,2740,NSE
VOLTAMP-EQ,13577,NSE
762HR31-SG,13600,NSE
76KA33-SG,13601,NSE
764KL34-SG,13606,NSE
710AP34-SG,27328,NSE
664GS2027-GS,27405,NSE
935TSI29-N0,27408,NSE
714HR31-SG,2743,NSE
764WB42-SG,13621,NSE
762KL53-SG,13624,NSE
767NL33-SG,13626,NSE
BANKADD-EQ,13644,NSE
935TSIIC28-N0,27421,NSE
ODIGMA-EQ,27571,NSE
711PFCL40-N0,27598,NSE
723DMEDL34-N0,27711,NSE
VMM-EQ,27969,NSE
IKS-EQ,28125,NSE
662RJ30-SG,1369,NSE
ALICON-EQ,13656,NSE
713MZ39-SG,28241,NSE
JHS-EQ,13720,NSE
GLOBALVECT-EQ,13735,NSE
GTLINFRA-EQ,13745,NSE
762UP35-SG,13778,NSE
FLUOROCHEM-EQ,13750,NSE
673PN40-SG,1382,NSE
FEL-BZ,13812,NSE
855IREDA34-N3,1383,NSE
765RJ33-SG,13881,NSE
769MZ37-SG,13897,NSE
HINDUNILVR-EQ,1394,NSE
764RJ38-SG,13902,NSE
765HR30-SG,13957,NSE
766RJ33-SG,13960,NSE
SGBOCT27-GB,13981,NSE
VEEDOL-EQ,14019,NSE
940SFIL28-NN,14036,NSE
SARLAPOLY-EQ,14043,NSE
GRCL-ST,14055,NSE
76JK35-SG,14103,NSE
762MZ36-SG,14166,NSE
759PY41-SG,14168,NSE
IMC1-N1,14219,NSE
IMC1-N2,14224,NSE
662AS30-SG,1425,NSE
PGIL-EQ,14260,NSE
668AP35A-SG,1432,NSE
VIAZ-SM,14316,NSE
769TN43-SG,14349,NSE
77MH31-SG,14424,NSE
773TS34-SG,14436,NSE
777JK35-SG,14437,NSE
NAHARSPING-EQ,14440,NSE
775WB39-SG,14446,NSE
ZENITHSTL-EQ,14562,NSE
77AP30A-SG,14636,NSE
772MH32-SG,14639,NSE
773MH34-SG,14645,NSE
778UP35-SG,14649,NSE
TIMETECHNO-EQ,14707,NSE
925SCL28-AM,14714,NSE
971SCL28-AN,14718,NSE
ADVANIHOTR-EQ,14745,NSE
NELCAST-EQ,14761,NSE
141NSETEST-EQ,14781,NSE
VIPCLOTHNG-BE,14847,NSE
KPRMILL-EQ,14912,NSE
INDOWIND-EQ,14952,NSE
SUPREMEINF-EQ,15002,NSE
758AS33-SG,15016,NSE
759PN33-SG,15019,NSE
BVCL-EQ,15073,NSE
CUBEINVIT-IV,15078,NSE
ADANIPORTS-EQ,15083,NSE
SILVERBETA-EQ,15085,NSE
EDELWEISS-EQ,15119,NSE
RGL-EQ,15129,NSE
764IRFC31-NO,15168,NSE
656UP30-SG,1525,NSE
KAVDEFENCE-EQ,15244,NSE
CORDSCABLE-BE,15275,NSE
749MN35-SG,15315,NSE
RECLTD-EQ,15355,NSE
VGUARD-EQ,15362,NSE
74AS33-SG,15508,NSE
HCG-EQ,15555,NSE
AVG-BE,15638,NSE
ATALREAL-EQ,15649,NSE
727GJ31-SG,15744,NSE
732AP43-SG,15780,NSE
HINDWAREAP-EQ,15883,NSE
726MH30-SG,15973,NSE
737JK35-SG,16069,NSE
729HR29-SG,16220,NSE
APOLLOTYRE-EQ,163,NSE
733MH31-SG,16224,NSE
737NL33-SG,16235,NSE
EBBETF0430-EQ,16253,NSE
67GJ30-SG,167,NSE
663TN35-SG,1652,NSE
ANIKINDS-EQ,16657,NSE
74MP34-SG,16805,NSE
84TCHF28-NA,16874,NSE
ARTEMISMED-EQ,16913,NSE
736MZ38-SG,16934,NSE
743AP39-SG,16987,NSE
TPHQ-EQ,16996,NSE
672RJ30-SG,171,NSE
CROMPTON-EQ,17094,NSE
75HP38-SG,17101,NSE
745HP33-SG,17118,NSE
746AP34-SG,17124,NSE
PAKKA-EQ,17197,NSE
744JK38-SG,17223,NSE
743AP41-SG,17250,NSE
SENCO-EQ,17271,NSE
AJMERA-EQ,17307,NSE
736MZ38A-SG,17326,NSE
734TS46-SG,17329,NSE
MHRIL-EQ,17333,NSE
SALONA-EQ,17351,NSE
LANDSMILL-EQ,17376,NSE
741RJ33-SG,17456,NSE
INCREDIBLE-EQ,17507,NSE
745TS40-SG,17667,NSE
DEN-EQ,17722,NSE
REFEX-EQ,17764,NSE
JYOTISTRUC-EQ,1802,NSE
KKVAPOW-SM,17781,NSE
718GS2033-GS,18025,NSE
SBFC-EQ,18026,NSE
YUDIZ-SM,18040,NSE
BPF02IGG-MF,18064,NSE
BPF02IQD-MF,18067,NSE
BPF02IWR-MF,18094,NSE
745TS47-SG,18098,NSE
THANGAMAYL-EQ,18118,NSE
SRGHFL-EQ,18119,NSE
YASHO-EQ,18131,NSE
BPF01D1R-MF,18165,NSE
HFMPCC50DD-MF,18185,NSE
746MZ39-SG,18221,NSE
582RJ27-SG,1824,NSE
MANINFRA-EQ,18226,NSE
PYRAMID-EQ,18250,NSE
744RJ33A-SG,18322,NSE
744GA33-SG,18327,NSE
745HR35-SG,18333,NSE
PERSISTENT-EQ,18365,NSE
CPS-SM,18372,NSE
743TN33-SG,18404,NSE
745PN34A-SG,18405,NSE
74TS43-SG,18412,NSE
666JH34-SG,1860,NSE
RATNAVEER-EQ,18423,NSE
GNA-EQ,18571,NSE
865SCL26-N8,18624,NSE
HOLMARC-SM,18649,NSE
741WB42-SG,18686,NSE
746TS30-SG,18690,NSE
KALAMANDIR-EQ,18755,NSE
ENDURANCE-EQ,18822,NSE
971SCL28C-BU,18861,NSE
1025SCL33A-N1,18897,NSE
1075SCL33A-N2,18902,NSE
NEWJAISA-ST,19161,NSE
SFL-EQ,19184,NSE
VISHNUINFR-SM,19300,NSE
662UP31-SG,1938,NSE
661KA33-SG,1944,NSE
CAPTRUST-BE,19451,NSE
PLAZACABLE-EQ,19458,NSE
KARNIKA-SM,19465,NSE
767AP38-SG,19487,NSE
766HR35-SG,19533,NSE
BHANDARI-BE,19560,NSE
77KA34-SG,19606,NSE
772AP36-SG,19620,NSE
766AP42-SG,19621,NSE
773KA36-SG,19723,NSE
772AP41-SG,19729,NSE
765RJ48-SG,19740,NSE
940SCL26-N6,19758,NSE
CELLO-EQ,19795,NSE
MAITREYA-SM,19809,NSE
SARTELE-SM,19863,NSE
773UP33A-SG,19891,NSE
771MH33-SG,19911,NSE
66GA30A-SG,20,NSE
867PFCL33-N7,20026,NSE
WAAREEINDO-EQ,19955,NSE
718AP33-SG,20020,NSE
774IREDA31-N7,20030,NSE
990SCL26A-NL,20061,NSE
902SCL26A-NM,20065,NSE
SCLZC26D-NO,20082,NSE
657GJ31-SG,2014,NSE
718HP32-SG,20108,NSE
ARIHANTSUP-EQ,20159,NSE
URJA-EQ,20203,NSE
750GA30-SG,20218,NSE
766ML32-SG,20231,NSE
750AS30-SG,20278,NSE
774RJ33-SG,20347,NSE
774TS35-SG,20352,NSE
775RJ35-SG,20354,NSE
771WB41-SG,20362,NSE
758GJ26-SG,20367,NSE
774BR38-SG,20401,NSE
MARINETRAN-SM,20410,NSE
771KA36-SG,20478,NSE
ACCENTMIC-SM,20488,NSE
GOLDAXIS-EQ,20532,NSE
764GA30-SG,20571,NSE
721AP31-SG,20575,NSE
803ABHF27-N2,20590,NSE
713WB40-SG,28250,NSE
INOXINDIA-EQ,20607,NSE
850TPL26-N0,20612,NSE
92LTF29-N4,20638,NSE
LXCHEM-EQ,2841,NSE
710RJ46-SG,28267,NSE
IGIL-EQ,28378,NSE
763BR38-SG,20741,NSE
715AP31-SG,20772,NSE
715AP32-SG,20773,NSE
712HR40-SG,20775,NSE
803ICPR34-N0,28519,NSE
716HR37-SG,28816,NSE
714PY35-SG,28823,NSE
715UK30-SG,28828,NSE
RELIANCE-EQ,2885,NSE
KITEX-EQ,28899,NSE
SCL271224A-N1,28908,NSE
971SCL29T-N1,28927,NSE
688MN31-SG,2078,NSE
685RJ31-SG,2079,NSE
1003ISFL28-N4,20779,NSE
707JK30-SG,20796,NSE
667MH31-SG,29,NSE
69AP32-SG,2081,NSE
MUTHOOTMF-EQ,20831,NSE
72HP35-SG,20844,NSE
819CIFL26-N0,28981,NSE
717AP37-SG,28992,NSE
712TS51-SG,29006,NSE
PSPPROJECT-EQ,20877,NSE
MUFTI-EQ,20878,NSE
EFORCE-SM,20899,NSE
715UP37-SG,29007,NSE
TVSHLTD-EQ,29008,NSE
716WB42-SG,29010,NSE
689WB41-SG,2092,NSE
694CG29-SG,2907,NSE
756TN53A-SG,20933,NSE
768KA37-SG,20945,NSE
ZUARI-EQ,29050,NSE
712TS54-SG,29070,NSE
SETL-EQ,29075,NSE
971SCL28B-YD,21019,NSE
FMNL-BE,21021,NSE
722HR38-SG,29120,NSE
723BOB35-N0,29167,NSE
714KL45-SG,29240,NSE
726AS29-SG,21034,NSE
641GA30-SG,21040,NSE
795JK30-SG,21046,NSE
773GJ29-SG,21049,NSE
VMART-EQ,29284,NSE
710RJ51-SG,29300,NSE
865MFL28-N0,29469,NSE
MCLOUD-EQ,29482,NSE
ORCHASP-EQ,29492,NSE
712MH36A-SG,29501,NSE
719PN45-SG,29515,NSE
KICL-EQ,21119,NSE
694GA30-SG,21139,NSE
695HP29-SG,21141,NSE
774KA34-SG,21155,NSE
724PFCL35-N0,29537,NSE
ELGNZ-SM,29595,NSE
CHANDAN-SM,29633,NSE
810HLICL35-N0,29639,NSE
719HUDCO28-N7,29650,NSE
773TIL35-N0,29676,NSE
BAJAJINDEF-EQ,29678,NSE
820CIFL28-N0,29683,NSE
724GJ29-SG,21169,NSE
CDSL-EQ,21174,NSE
654GJ30-SG,21216,NSE
708GJ33B-SG,29708,NSE
738PFC32-N0,29721,NSE
12VCCL27B-N0,29749,NSE
MSCIINDIA-EQ,29758,NSE
MASTEK-EQ,2124,NSE
815LTF27-NO,21231,NSE
772TN34-SG,21269,NSE
72AP36-SG,29923,NSE
719OR40-SG,29935,NSE
72UP40-SG,29936,NSE
705PN31-SG,2135,NSE
778AS34-SG,21270,NSE
772MH35-SG,21271,NSE
727UP41-SG,29989,NSE
727MP48-SG,29993,NSE
706GJ30-SG,29995,NSE
722AP35-SG,30003,NSE
MAGADSUGAR-EQ,21392,NSE
TATSILV-EQ,21428,NSE
BSE500IETF-EQ,3001,NSE
722OR36-SG,30010,NSE
727OR41-SG,30024,NSE
734UCL30-N0,30034,NSE
COCHINSHIP-EQ,21508,NSE
764HP39-SG,21512,NSE
835SMFG27-N0,21572,NSE
COMSYN-EQ,21578,NSE
960SFL35-N0,30061,NSE
724UP40-SG,30071,NSE
722MP42-SG,30086,NSE
ORIENTCEM-EQ,30089,NSE
757IRFC29-NP,21621,NSE
729AP30-SG,21643,NSE
MEDIASSIST-EQ,21705,NSE
DCAL-EQ,21704,NSE
724AS45-SG,30101,NSE
EQUAL200-EQ,30121,NSE
SAURASHCEM-EQ,3018,NSE
718MZ40-SG,30163,NSE
718TN45-SG,30165,NSE
SCL19325-N1,30218,NSE
MATRIMONY-EQ,21726,NSE
773KA41-SG,21818,NSE
759TN44-SG,21829,NSE
769GA34-SG,21865,NSE
1015SCL30-N1,30236,NSE
739SIDBI30-N0,30267,NSE
SILVERCASE-EQ,30274,NSE
705KL30-SG,21899,NSE
810KL32-SG,21905,NSE
656MN30-SG,21921,NSE
68MN30-SG,21924,NSE
704AP33-SG,30424,NSE
706RJ35-SG,30434,NSE
705RJ37-SG,30439,NSE
709HR40-SG,30441,NSE
68PN26-SG,21711,NSE
LIQUIDCASE-EQ,21750,NSE
76MH30-SG,21934,NSE
624MH28-SG,21947,NSE
SESHAPAPER-EQ,3066,NSE
712MN40-SG,30444,NSE
PILITA-EQ,30835,NSE
THOMASCOTT-EQ,31017,NSE
832TFSIL29-N0,21760,NSE
672PN30-SG,21786,NSE
77AP42-SG,21825,NSE
759TS46-SG,21830,NSE
BAJFINANCE-EQ,317,NSE
HONDAPOWER-EQ,3138,NSE
GILT5YBEES-EQ,3172,NSE
767CG31-SG,21849,NSE
65KL27-SG,21909,NSE
684KL30-SG,21913,NSE
8MN30-SG,21923,NSE
848NTPC28-N2,31760,NSE
679MP33-SG,32,NSE
695PN40-SG,319,NSE
678RJ31-SG,3241,NSE
833TPL27-N5,21953,NSE
NIFTYBETF-EQ,21959,NSE
711MP30-SG,21963,NSE
718MP30-SG,21972,NSE
684AR31-SG,3257,NSE
DEEPINDS-EQ,3292,NSE
SPMLINFRA-EQ,3321,NSE
694MP35-SG,21979,NSE
652NL30-SG,21993,NSE
729ML29-SG,22013,NSE
708PY26-SG,22025,NSE
ISGEC-EQ,3329,NSE
691AP40-SG,3388,NSE
TATACHEM-EQ,3405,NSE
657RJ30-SG,22056,NSE
667RJ50-SG,22080,NSE
65UP30-SG,22081,NSE
726UP29-SG,22082,NSE
BALRAMCHIN-EQ,341,NSE
77IGT28-NE,3428,NSE
TECILCHEM-EQ,3453,NSE
729UP29-SG,22099,NSE
641TN30-SG,22103,NSE
698TR30-SG,22138,NSE
695WB35-SG,22145,NSE
BANARBEADS-EQ,347,NSE
ROML-EQ,359,NSE
683MH32-SG,3567,NSE
71WB30-SG,22151,NSE
728SK30-SG,22155,NSE
695SK30-SG,22156,NSE
711UK30-SG,22169,NSE
BATAINDIA-EQ,371,NSE
685NL31A-SG,3710,NSE
658JK30-SG,22179,NSE
698TS28-SG,22191,NSE
737JH31-SG,22197,NSE
785UK30-SG,22201,NSE
703TN46-SG,3719,NSE
ANMOL-EQ,3727,NSE
SGBMAY29I-GB,3742,NSE
SGBJUN29II-GB,3743,NSE
735UK30-SG,22202,NSE
725TS28-SG,22210,NSE
649AP33-SG,22264,NSE
64KA30-SG,22265,NSE
707RJ46-SG,3763,NSE
WILLAMAGOR-EQ,3772,NSE
BHARATRAS-EQ,3834,NSE
HATSUN-EQ,3892,NSE
646WB30-SG,22269,NSE
TIRUPATIFL-BE,22284,NSE
65RJ50-SG,22293,NSE
642PN30-SG,22298,NSE
705HP35-SG,2233,NSE
CAPLIPOINT-EQ,3906,NSE
PVP-EQ,4010,NSE
NAVA-EQ,4014,NSE
EIMCOELECO-EQ,4040,NSE
644MH28-SG,22342,NSE
MARICO-EQ,4067,NSE
MOTHERSON-EQ,4204,NSE
ZFSTEERING-EQ,4229,NSE
BIOFILCHEM-EQ,4136,NSE
668HR39-SG,22373,NSE
SGBAUG28V-GB,22385,NSE
667UP30-SG,22414,NSE
686KA30-SG,449,NSE
PUNJABCHEM-EQ,4344,NSE
GS220230C-GS,4423,NSE
705RJ31-SG,2245,NSE
655AS30A-SG,22447,NSE
DYNAMATECH-EQ,4525,NSE
NEXT50IETF-EQ,4529,NSE
675GJ31-SG,4575,NSE
643UK30-SG,22451,NSE
67PN40-SG,22456,NSE
810NIIF34-N0,22461,NSE
EPACK-EQ,22463,NSE
HERITGFOOD-EQ,4598,NSE
BANKBARODA-EQ,4668,NSE
SONACOMS-EQ,4684,NSE
GAIL-EQ,4717,NSE
689GA31-SG,4750,NSE
683MH31-SG,4752,NSE
689MH32-SG,4760,NSE
76GJ33-SG,22493,NSE
GILT5BETA-EQ,22521,NSE
HEALTHADD-EQ,22592,NSE
718TS51-SG,4900,NSE
ENGINERSIN-EQ,4907,NSE
931SFIL26A-NA,4926,NSE
92SFIL28-ND,4942,NSE
695TN31-SG,2260,NSE
748JK54-SG,22626,NSE
799TCL34-ND,22643,NSE
IRCON-EQ,4986,NSE
SHARDACROP-EQ,4992,NSE
695MH31-SG,5035,NSE
701MN31-SG,5087,NSE
SIGNPOST-EQ,22656,NSE
RPTECH-EQ,22670,NSE
746CG31-SG,22696,NSE
MAZDOCK-EQ,509,NSE
717TS41-SG,5090,NSE
TATVA-EQ,5162,NSE
747HR36-SG,22699,NSE
744TN34-SG,22747,NSE
747PY37-SG,22753,NSE
ICICIB22-EQ,522,NSE
BPCL-EQ,526,NSE
BPL-EQ,530,NSE
AAREYDRUGS-BE,5248,NSE
749PFC34-N9,22795,NSE
747RL34-NL,22813,NSE
JUNIPER-EQ,22824,NSE
EXXARO-EQ,5352,NSE
697PN31-SG,5419,NSE
697UP31-SG,5421,NSE
GPTHEALTH-EQ,22846,NSE
BSLIQPIRDP-MF,22850,NSE
742TN34-SG,22866,NSE
744WB41-SG,22871,NSE
TRIGYN-EQ,5428,NSE
SFMP49DD-MF,5497,NSE
SFMP49DR-MF,5498,NSE
SFMP49GD-MF,5499,NSE
743RJ44-SG,22873,NSE
743MH36-SG,22878,NSE
742MP45-SG,22881,NSE
742MP46-SG,22882,NSE
684GJ31A-SG,5558,NSE
702AP41-SG,5569,NSE
SGBSEP29VI-GB,5575,NSE
797SFL30-N0,22921,NSE
EXICOM-EQ,22947,NSE
MVKAGRO-SM,22976,NSE
ACUTAAS-EQ,5578,NSE
J&KBANK-EQ,5633,NSE
ARCHIES-EQ,5688,NSE
74WB44-SG,22989,NSE
74MH35-SG,22992,NSE
738TS49-SG,22999,NSE
VR-SM,23018,NSE
686AP35-SG,5736,NSE
68NL31-SG,5744,NSE
925SCL26-NR,5850,NSE
738UP36-SG,23089,NSE
737KA38A-SG,23092,NSE
737TS41-SG,23096,NSE
739WB44-SG,23100,NSE
AVPINFRA-SM,23159,NSE
744TN44-SG,23213,NSE
1015SCFL29-YY,23303,NSE
957SCL31-Z3,23313,NSE
1003SCFL31-Z4,23315,NSE
747CG33A-SG,23345,NSE
751UP38-SG,23353,NSE
VHLTD-BE,23386,NSE
SRM-EQ,23402,NSE
181NSETEST-EQ,23447,NSE
DCG-SM,23520,NSE
745RL34-NN,23532,NSE
742MH34-SG,23540,NSE
755PGCI34-N2,23571,NSE
753AP36-SG,23634,NSE
752RJ39-SG,23638,NSE
751AP41-SG,23639,NSE
749RJ44-SG,23642,NSE
747TS36-SG,23676,NSE
743TS41A-SG,23678,NSE
742AP43A-SG,23680,NSE
BANKNIFTY1-EQ,5851,NSE
684PN31-SG,5883,NSE
693TS37-SG,5896,NSE
687BR30-SG,5970,NSE
93MOFSL34-N6,23710,NSE
WINSOL-SM,23714,NSE
747PN32-SG,23753,NSE
741RJ34-SG,23814,NSE
601RJ26-SG,5994,NSE
JAINAM-SM,6012,NSE
EVERESTIND-BE,6017,NSE
AWFIS-EQ,23864,NSE
738TN33-SG,23870,NSE
768LIC34-N4,23907,NSE
LIQUIDBETF-EQ,23915,NSE
BMETRICS-SM,6052,NSE
CYBERTECH-BE,6054,NSE
ATGL-EQ,6066,NSE
DESTINY-SM,6087,NSE
SANDHAR-EQ,2397,NSE
99SCL27-ZH,23944,NSE
743AP46-SG,24001,NSE
675KA33A-SG,618,NSE
699WB35-SG,620,NSE
STERTOOLS-BE,6188,NSE
97SFL28-YS,6168,NSE
743JK46-SG,24013,NSE
KRONOX-EQ,24025,NSE
830SMF29-N6,24039,NSE
739UK30-SG,24051,NSE
IIFLZC26-NN,6207,NSE
DKEGL-SM,6249,NSE
609AS26-SG,6304,NSE
LAMBODHARA-EQ,6407,NSE
CONSUMIETF-EQ,6446,NSE
IXIGO-EQ,24067,NSE
792LIC27-N5,24073,NSE
759NH27-NE,24114,NSE
663GJ29-SG,65,NSE
SIGACHI-BE,6664,NSE
WINNY-SM,24173,NSE
734RJ34-SG,24181,NSE
733HR36-SG,24183,NSE
693UP31A-SG,6744,NSE
FOCUS-BE,6839,NSE
1018GS2026-GS,6833,NSE
731AP44-SG,24202,NSE
IVZINNIFTY-EQ,24217,NSE
737AP33A-SG,24330,NSE
CIPLA-EQ,694,NSE
GREENLAM-EQ,6848,NSE
601GS2028-GS,6866,NSE
832GS2032-GS,6899,NSE
743NBFID34-N0,24364,NSE
RELIABLE-EQ,24378,NSE
EMCURE-EQ,24398,NSE
862HHFL29-N0,24476,NSE
SHRADHA-EQ,708,NSE
BSOFT-EQ,6994,NSE
MAHKTECH-EQ,7074,NSE
735HP34-SG,24486,NSE
897MFL27-N0,24512,NSE
FILATEX-EQ,24532,NSE
801TCL34-N0,24558,NSE
824GS2033-GS,7106,NSE
JMA-EQ,7109,NSE
SBIETFIT-EQ,740,NSE
DCM-BE,7323,NSE
SBIETFQLTY-EQ,7218,NSE
697AS31A-SG,7295,NSE
734TN34-SG,24563,NSE
733AP39-SG,24652,NSE
729TN54-SG,24664,NSE
697GR2034-GS,24705,NSE
MANAKALUCO-EQ,7420,NSE
ONGC-EQ,2475,NSE
798SHFL26-N0,24720,NSE
726MP35-SG,24754,NSE
726HR36-SG,24755,NSE
VISL-EQ,750290,NSE
VEDPOWER-EQ,750518,NSE
PHLSDDP-SF,751576,NSE
UTKAL-SM,751580,NSE
SILGO-EQ,2492,NSE
703HP31-SG,7519,NSE
714AP35-SG,7540,NSE
975SCL28A-N0,24821,NSE
726TS35-SG,24842,NSE
723MH40-SG,24888,NSE
826ABCL31-N0,751731,NSE
714PN36-SG,7544,NSE
714AP40-SG,7549,NSE
MFML-EQ,24937,NSE
731RECL39-N0,24979,NSE
726KL39-SG,24989,NSE
720MH34-SG,25010,NSE
815SICC29-N0,754670,NSE
AVIENCE-SM,755092,NSE
757DL36-SG,755625,NSE
683JK42-SG,755855,NSE
771NIIF35-N0,755871,NSE
GAYAPROJ-BE,25027,NSE
79123SHF26-N0,25016,NSE
785IIFL27-N0,25058,NSE
671TN35-SG,755926,NSE
833ABCL27-NL,755960,NSE
852MFL28A-N0,755986,NSE
725HR36-SG,25094,NSE
BOSS-SM,25119,NSE
EUREKAFORB-EQ,25162,NSE
759LTFL28-N0,756025,NSE
930IIFL27-NX,756141,NSE
SILVER360-EQ,756150,NSE
MYMUDRA-SM,25208,NSE
722TN54A-SG,25217,NSE
960IIFL30-Y2,756153,NSE
865HHFL30-N0,756163,NSE
715NBFID35-N0,756169,NSE
765TML28-N0,756179,NSE
803ABHFL29-N0,25227,NSE
GAJANAND-SM,25244,NSE
KROSS-EQ,25252,NSE
AEL120924-N2,25280,NSE
679TN55-SG,756709,NSE
686REC35-N0,756720,NSE
664PFCL30-N0,756765,NSE
VASWANI-EQ,25340,NSE
712MH36-SG,25356,NSE
PGEL-EQ,25358,NSE
713MH43-SG,25364,NSE
711WB47-SG,756789,NSE
654TN31-SG,756853,NSE
661GJ32-SG,756855,NSE
785TRPEL34-N0,25372,NSE
799NIIF29-N0,25390,NSE
815SICC26-N0,25455,NSE
AAFS28B-N0,25462,NSE
683AP34-SG,756857,NSE
677MP39-SG,756865,NSE
7IREDAL30-N0,756878,NSE
717AS31-SG,2548,NSE
719UP31-SG,2552,NSE
713RJ46-SG,25481,NSE
688ML35-SG,756907,NSE
622AS30-SG,757018,NSE
708IIFCL35-N0,757058,NSE
SDREAMS-SM,25528,NSE
SCL25924A-N1,25544,NSE
940SCL27A-N1,25546,NSE
980SCL34B-N1,25572,NSE
SHAKTIPUMP-EQ,25574,NSE
AAFS28C-N0,25595,NSE
WOL3D-ST,25605,NSE
INDOTHAI-EQ,25608,NSE
DCCL-SM,757107,NSE
677TN40-SG,757114,NSE
708TML28A-N0,757125,NSE
930APMD29-N0,757182,NSE
930APMD30-N0,757184,NSE
760GFL30-N0,757365,NSE
692MP43-SG,757390,NSE
692HP45-SG,757393,NSE
729KA36-SG,2566,NSE
715WB44A-SG,25697,NSE
DIFFNKG-EQ,25672,NSE
71TS55-SG,757440,NSE
930SCL35-NN,757498,NSE
TRAVELFOOD-EQ,757545,NSE
698MH37-SG,757547,NSE
714AP48-SG,25698,NSE
712GA35-SG,25704,NSE
RUPA-EQ,25724,NSE
VIKASECO-EQ,25756,NSE
743NIIF30-N0,757569,NSE
880IIFL26-N0,757663,NSE
71MH32A-SG,25764,NSE
712TN34-SG,25769,NSE
713MH37A-SG,25773,NSE
715MZ39-SG,25774,NSE
680AP35-SG,757732,NSE
680RJ35-SG,757734,NSE
SAMBHV-EQ,757767,NSE
723MP42-SG,757785,NSE
722KA38A-SG,2578,NSE
725TS41-SG,2581,NSE
708UP32-SG,25829,NSE
HYUNDAI-EQ,25844,NSE
930AEL30-NF,757875,NSE
715SHFL28-N0,757896,NSE
757LICH29-N0,25849,NSE
LAKSHYA-SM,25860,NSE
MINDACORP-EQ,25897,NSE
PREMIUM-SM,25898,NSE
716MH50-SG,757930,NSE
QUALITY30-EQ,757946,NSE
658IRFC30-N0,758167,NSE
647IRFC28-N0,758169,NSE
NIKITA-SM,758178,NSE
722MP43-SG,758193,NSE
696AP33-SG,758203,NSE
BHADORA-ST,758228,NSE
708PGC34-N0,25905,NSE
765SHFL29-N0,25948,NSE
716TN54-SG,25969,NSE
118VCCL27-N0,758342,NSE
950ISF27B-N0,758344,NSE
820TOPO33-N0,758355,NSE
735JK40-SG,758409,NSE
713RJ31-SG,2673,NSE
BANKNIFTY,26009,NSE
NIFTYNXT50,26013,NSE
SSFLPP-E1,758420,NSE
ALLTIME-EQ,758448,NSE
CONNPLEX-SM,758453,NSE
709TN35A-SG,758584,NSE
715KL40-SG,27005,NSE
715AP42-SG,27007,NSE
747IIFCL27-N0,27035,NSE
666SIDBI28-N0,758644,NSE
754TS55-SG,758710,NSE
BUTTERFLY-EQ,2716,NSE
SWANCORP-EQ,27095,NSE
710UP32-SG,27154,NSE
716RJ34-SG,27189,NSE
GENSOL-BZ,758842,NSE
684TN29-SG,758711,NSE
752HR39-SG,758720,NSE
364D280826-TB,758731,NSE
SAMPANN-EQ,27303,NSE
712PN36-SG,27322,NSE
GANESHIN-ST,27351,NSE
745BR34-SG,758847,NSE
SGFIN-EQ,758853,NSE
724BR31-SG,758925,NSE
SNEHAA-SM,758946,NSE
SATTVAENGG-SM,758960,NSE
AHCL-EQ,758968,NSE
RNBDENIMS-EQ,758981,NSE
719KA39-SG,2768,NSE
935TSIIC33-N0,27526,NSE
935TSI27-N0,27537,NSE
714EXIM29-N0,27811,NSE
MWL-EQ,759169,NSE
744MP46-SG,759033,NSE
744TS48-SG,759035,NSE
HILINFRA-EQ,759103,NSE
775SFL26-N0,27928,NSE
712HP36-SG,28226,NSE
710JK49-SG,28278,NSE
743OR40-SG,759189,NSE
744JH41-SG,759191,NSE
TRUALT-EQ,759210,NSE
1075WCA28-N0,759215,NSE
710TS46-SG,28272,NSE
735HR39-SG,759221,NSE
ASIFDG-SF,759224,NSE
745BTL28-N0,759273,NSE
BLUESTONE-EQ,759291,NSE
710RECL35-N0,28479,NSE
NMSTEEL-SM,28801,NSE
714TN44-SG,28826,NSE
NIFTYCASE-EQ,759302,NSE
731BR45-SG,759309,NSE
731JK45-SG,759310,NSE
75AP46-SG,759331,NSE
IIFLZC28-NG,2883,NSE
IHFL261224-N1,28854,NSE
CARRARO-EQ,28879,NSE
746RJ51-SG,759334,NSE
752TS54-SG,759336,NSE
MONIFTY100-EQ,759371,NSE
MUNISH-SM,759416,NSE
925SCL26Z-N1,28897,NSE
99SCL27V-N1,28915,NSE
UNIMECH-EQ,28960,NSE
GROWWRLTY-EQ,759428,NSE
12AFIL27-N0,759446,NSE
364D151026-TB,759476,NSE
MOMENTUM30-EQ,759488,NSE
CONSUMER-EQ,28969,NSE
87HFL27-N0,28977,NSE
711JK55-SG,29001,NSE
95PFL34-N0,759557,NSE
741JK42-SG,759491,NSE
712OIT40-N0,759526,NSE
715KA42-SG,29002,NSE
ARSHIYA-BZ,29015,NSE
705GJ32-SG,29051,NSE
715BR35-SG,29059,NSE
91PFL35-N0,759558,NSE
805AIFL32-N0,759603,NSE
767UK41-SG,759707,NSE
69PY29-SG,291,NSE
8104PHFL28-N0,29073,NSE
722GJ35-SG,29107,NSE
767TS46-SG,759709,NSE
9PCPL28B-N0,759710,NSE
12DCCL27-N0,759793,NSE
867MUTF30-N0,29184,NSE
728IREDA35-N0,29196,NSE
714HR38-SG,29238,NSE
715TN35-SG,29241,NSE
CURIS-SM,759825,NSE
716TN35-SG,759854,NSE
UTLSOLAR-EQ,759876,NSE
910HFL36-N0,759895,NSE
743PHFL28-N0,759939,NSE
MSCIADD-EQ,759978,NSE
ENIFTY-EQ,759998,NSE
686PY34-SG,2943,NSE
713KA41-SG,29285,NSE
712PN45-SG,29295,NSE
NEXT30ADD-EQ,29464,NSE
731MN37-SG,760017,NSE
734TS38-SG,760018,NSE
746BR45-SG,760023,NSE
707AP34-SG,29498,NSE
712BR37A-SG,29502,NSE
711OR37-SG,29504,NSE
745TS53-SG,760026,NSE
ROCKPP-E1,760033,NSE
748MH37-SG,760059,NSE
714UK32-SG,29519,NSE
718TN55-SG,29524,NSE
918IHFL28-N0,29531,NSE
950ISF27-N0,29533,NSE
717GJ34-SG,760067,NSE
JAYKAY-EQ,760073,NSE
728TFSIL28-N0,760078,NSE
751UP40A-SG,760082,NSE
805PHFL30-N0,29535,NSE
725PFCL45-N0,29539,NSE
716MZ35-SG,29574,NSE
NATCAPSUQ-EQ,29583,NSE
756IIFCL28-N0,29631,NSE
750BOI35-N0,29685,NSE
716KA36B-SG,29693,NSE
754MP48-SG,760088,NSE
752TS52-SG,760089,NSE
724RJ35-SG,760091,NSE
735AP36-SG,760095,NSE
SUBAHOTELS-SM,760112,NSE
FABTECH-EQ,760125,NSE
875AOL27-N0,760172,NSE
GAUDIUMIVF-BE,760179,NSE
716MP40A-SG,29701,NSE
718MP48A-SG,29703,NSE
716HR38A-SG,29706,NSE
715PY39A-SG,29710,NSE
CLEANMAX-EQ,760183,NSE
729MH35-SG,760289,NSE
915APSBC33-N0,760376,NSE
756PY35-SG,760382,NSE
ORTINGLOBE-EQ,2979,NSE
GUJTHEM-EQ,29731,NSE
HDAIF1BDDR-MF,29732,NSE
975PCPL28-N0,760397,NSE
741NIIF31-N0,760474,NSE
TWCGOLDETF-EQ,760482,NSE
76WB45-SG,760519,NSE
72SK35-SG,29921,NSE
718TN36-SG,29924,NSE
718MH38-SG,29929,NSE
749SIDBI29-N0,29949,NSE
8BACL30A-N0,760551,NSE
692TN30-SG,760556,NSE
125VCCL31-N0,760558,NSE
75CG35-SG,760565,NSE
SUVIDHAA-EQ,2998,NSE
825TCSL28-N0,29963,NSE
74PFCL35-N0,29971,NSE
80980TCL27-N0,29973,NSE
751KA36-SG,760568,NSE
885NACL28-N0,760577,NSE
765RJ40-SG,760580,NSE
759AP47-SG,760588,NSE
722AP34-SG,30001,NSE
722KA35A-SG,30008,NSE
728AP36-SG,30009,NSE
726MP39-SG,30019,NSE
758TN56-SG,760590,NSE
NEXT50ADD-EQ,760599,NSE
763TN56-SG,760612,NSE
12DCCL29A-N0,760614,NSE
ITAXIS-EQ,3010,NSE
725UP39-SG,30021,NSE
723TS53-SG,30079,NSE
687GJ28-SG,30080,NSE
734OR33-SG,760616,NSE
748AP35-SG,760619,NSE
SIHF29-N0,760628,NSE
757HR40-SG,760637,NSE
760TOPL29-N0,760647,NSE
14DCCL31-N0,760767,NSE
754KA37-SG,760775,NSE
759OR46-SG,760777,NSE
723TS52-SG,30100,NSE
860MFL28-N0,30147,NSE
364D210127-TB,760780,NSE
364D040227-TB,760785,NSE
768AP39-SG,760790,NSE
768AS41-SG,760791,NSE
718TN55B-SG,30173,NSE
CURAA-EQ,30189,NSE
980SCL35-N1,30206,NSE
SCL190325A-N1,30226,NSE
768MP43-SG,760793,NSE
685PFCL31-N1,760799,NSE
7PFCL31-N3,760801,NSE
1003SCL32-N1,30228,NSE
ISHANCH-EQ,30249,NSE
835GFL28-N0,30254,NSE
726NTPC40-N0,30263,NSE
690PFCL31-N2,760800,NSE
14RARL30-N0,30269,NSE
705MP32-SG,30420,NSE
71KL43-SG,30445,NSE
706KL55-SG,30454,NSE
769ICPR35-N0,760811,NSE
748NIIF33-N0,760813,NSE
734MP33-SG,760843,NSE
771PN38-SG,760848,NSE
BAJAJHLDNG-EQ,305,NSE
MID150-EQ,30469,NSE
712EXIM30-N0,30489,NSE
74MP35-SG,760882,NSE
754TN36-SG,760910,NSE
758TN37-SG,760913,NSE
SHANTIGEAR-EQ,3078,NSE
698PY33-SG,3079,NSE
INDOSTAR-EQ,3088,NSE
VIVO-SM,7610,NSE
777PN38-SG,760914,NSE
781UP41-SG,760918,NSE
837REC33-N7,30986,NSE
830NHAI27-N2,31040,NSE
COMPUSOFT-EQ,31138,NSE
MCX-EQ,31181,NSE
704WB35-SG,315,NSE
ORBTEXP-BE,31479,NSE
753AP37-SG,761006,NSE
774WB44-SG,761051,NSE
182D210826-TB,761054,NSE
910HFL37-N0,761137,NSE
VMARCIND-SM,3188,NSE
774UP38-SG,31638,NSE
8TIAPL35-N0,31785,NSE
77SHFL36-N0,761139,NSE
SEDEMAC-EQ,761153,NSE
GKSL-EQ,761197,NSE
LODHA-EQ,3220,NSE
682RJ31-SG,3259,NSE
SRF-EQ,3273,NSE
8TIAPL36-N0,31920,NSE
719RECL31-N0,761311,NSE
664TN29-SG,761318,NSE
679HR30-SG,761319,NSE
745MP36-SG,761323,NSE
SUNDARMFIN-EQ,3339,NSE
SUNFLAG-EQ,3348,NSE
762AP39-SG,761328,NSE
862AEL31-NM,761345,NSE
890AEL31-NN,761346,NSE
797TOPO34-N0,761356,NSE
CAMS-EQ,342,NSE
678RJ31A-SG,3373,NSE
AGARIND-EQ,3389,NSE
TNTELE-EQ,3512,NSE
761AP41-SG,761370,NSE
769HR44-SG,761376,NSE
745DL36-SG,761385,NSE
722AS32-SG,761411,NSE
703TN31-SG,761415,NSE
773CG44-SG,761445,NSE
89ICFL28-N0,761467,NSE
683WB31A-SG,3519,NSE
TTKPRESTIG-EQ,3546,NSE
UCAL-EQ,3570,NSE
697TN46-SG,3647,NSE
SHADOWFAX-EQ,761469,NSE
779JK51-SG,761521,NSE
794CIFCL29-N0,761522,NSE
92LMAEL31-N0,761538,NSE
695HR33-SG,3696,NSE
GAYAHWS-EQ,3693,NSE
696KL34-SG,3701,NSE
FINEORG-EQ,3744,NSE
685AP36-SG,38,NSE
BBTC-EQ,380,NSE
RITES-EQ,3761,NSE
SOMANYCERA-EQ,3880,NSE
ARSIFHRG-SF,761540,NSE
ARSIFHRHD-SF,761546,NSE
733RJ31-SG,761548,NSE
725KA31-SG,761551,NSE
77PY35-SG,761557,NSE
757MH36-SG,761561,NSE
776KA41-SG,761572,NSE
715INBK36-N0,761579,NSE
NIACL-EQ,399,NSE
GLOBE-EQ,393,NSE
JAYAGROGN-EQ,4041,NSE
ALSRG-SF,761595,NSE
APSIFHLSDD-SF,761601,NSE
APSIFHLSDG-SF,761603,NSE
797RJ43-SG,761648,NSE
691AS30-SG,431,NSE
WENDT-EQ,4235,NSE
BDR-IT,4294,NSE
SAHLIBHFI-EQ,761688,NSE
787RJ38-SG,761717,NSE
772ABCL31-N0,761727,NSE
BHEL-EQ,438,NSE
GS151226C-GS,4409,NSE
GS220236C-GS,4432,NSE
AARTIDRUGS-EQ,4481,NSE
AAFS31B-N0,761729,NSE
852LDL36-N0,761731,NSE
792KL41-SG,761760,NSE
VIVIDEL-ST,761771,NSE
715JK32-SG,457,NSE
SIGIND-EQ,4522,NSE
GS220850C-GS,4553,NSE
ATLASCYCLE-EQ,4568,NSE
87HMDA40-N0,761795,NSE
87HMDA44-N0,761811,NSE
87HMDA30-N0,761835,NSE
SBCL-EQ,4656,NSE
SKMEGGPROD-EQ,4732,NSE
INDRAMEDCO-EQ,4751,NSE
RELINFRA-BE,4791,NSE
VOEPL-EQ,761916,NSE
RIIT-IV,762244,NSE
RAMBHAJO-EQ,762227,NSE
781KL37-SG,762424,NSE
79MP56-SG,762427,NSE
OMPOWER-EQ,762432,NSE
ASHIKAG-BE,762551,NSE
706KL41-SG,4793,NSE
SNOWMAN-EQ,4843,NSE
679WB28-SG,4877,NSE
713KL46-SG,4897,NSE
BAJAJST-EQ,762563,NSE
BIRLAPREC-EQ,762593,NSE
ELANTAS-EQ,762653,NSE
903SFL28-YI,498,NSE
ADROITINFO-EQ,4953,NSE
KESORAMIND-BE,4981,NSE
695TN31A-SG,4994,NSE
BLACKROSE-BE,762601,NSE
HBESD-EQ,762712,NSE
KOTIC-EQ,762752,NSE
METROGLOBL-EQ,762797,NSE
MMWL-EQ,762802,NSE
70RJ31-SG,5036,NSE
KPIGREEN-EQ,5108,NSE
WELSPLSOL-EQ,762971,NSE
GRAUWEIL-EQ,5200,NSE
IIFLZC28C-N6,5217,NSE
70WB31-SG,5231,NSE
714AP37-SG,5234,NSE
764RJ36-SG,763073,NSE
925ICFL27-N0,763142,NSE
783AS46-SG,763193,NSE
782CG48-SG,763196,NSE
MAHAPEXLTD-EQ,5239,NSE
697NL31-SG,5418,NSE
783MP48-SG,763199,NSE
772UP36A-SG,763200,NSE
788NIIF31-N0,763208,NSE
685BR30-SG,5556,NSE
SHANTI-EQ,5650,NSE
CUB-EQ,5701,NSE
796SHFL31-N0,763508,NSE
91D200826-TB,763525,NSE
91D280826-TB,763624,NSE
SHREMINVIT-IV,5718,NSE
CONSUMAXIS-EQ,5732,NSE
686RJ36-SG,5740,NSE
875HFL28-N0,763641,NSE
AAFS31D-N0,763699,NSE
78TN41-SG,763732,NSE
737RJ30-SG,763734,NSE
655MH28-SG,605,NSE
699WB36A-SG,5895,NSE
691AS31-SG,5969,NSE
693KA32-SG,5987,NSE
QSIFHRP-SF,763749,NSE
AGL-EQ,763784,NSE
920ISF28-N0,763789,NSE
675GJ29-SG,6093,NSE
70MN31A-SG,6101,NSE
714AP41A-SG,6115,NSE
DTIL-EQ,6227,NSE
SELMC-EQ,6262,NSE
KNACK-EQ,763839,NSE
742BR35-SG,764031,NSE
756KL39-SG,764038,NSE
364D150727-TB,764154,NSE
APOLSINHOT-EQ,6302,NSE
699AS31-SG,6330,NSE
699UP31B-SG,6350,NSE
CCHHL-EQ,6385,NSE
115AFIL28A-N0,764159,NSE
ALPINETEX-EQ,764186,NSE
771BR44-SG,764244,NSE
739MP34-SG,764245,NSE
KRITI-EQ,6417,NSE
TECH-EQ,6462,NSE
NYKAA-EQ,6545,NSE
70AP38A-SG,6563,NSE
EMETAL-EQ,764288,NSE
LCL-EQ,764296,NSE
1116AFL28A-N0,764395,NSE
LAXMICOT-EQ,6568,NSE
IVC-EQ,6711,NSE
69KA31-SG,6743,NSE
NIPPOBATRY-EQ,6782,NSE
MVELECTRO-EQ,764397,NSE
749TN36-SG,764420,NSE
764UK38-SG,764421,NSE
ASTRON-BZ,764445,NSE
SGBDEC26-GB,7654,NSE
364D050827-TB,764427,NSE
902LMAEL36-N0,764454,NSE
DHRUV-EQ,6858,NSE
662PY28-SG,6895,NSE
826GS2027-GS,6898,NSE
HEMIPROP-EQ,701,NSE
HESTERBIO-EQ,7048,NSE
815GS2026-GS,7114,NSE
772GS2055-GS,7136,NSE
713HR32-SG,7692,NSE
712UP32-SG,7709,NSE
715UP32-SG,7821,NSE
731PY35-SG,7822,NSE
761GS2030-GS,7142,NSE
683KA31B-SG,7155,NSE
683TN31A-SG,7156,NSE
689KA33-SG,7159,NSE
NETF-EQ,7838,NSE
723MN32-SG,7855,NSE
GVPIL-EQ,7862,NSE
724RJ32-SG,7899,NSE
SHIVATEX-EQ,804,NSE
702KA33-SG,7305,NSE
70JK33-SG,7307,NSE
ABSLNN50ET-EQ,7339,NSE
STAR-EQ,7374,NSE
1015ECL29-NR,7975,NSE
SILVER-EQ,8003,NSE
COSMOFIRST-EQ,742,NSE
633AS26A-SG,7495,NSE
703AS31-SG,7512,NSE
737TS36-SG,8121,NSE
654MH27-SG,8126,NSE
705MZ29-SG,8130,NSE
SGBOC28VII-GB,834,NSE
702TN31-SG,7533,NSE
648RJ27-SG,8319,NSE
703TN30-SG,8321,NSE
717BR32-SG,8327,NSE
PHLSRDP-SF,751411,NSE
PHLSDG-SF,751498,NSE
737NBFID29-N0,751715,NSE
575PY26-SG,836,NSE
645HP29-SG,838,NSE
712TN30-SG,8352,NSE
735PY33-SG,8358,NSE
757RJ35-SG,753729,NSE
815JCL31-N0,753889,NSE
746RECL36-N0,754372,NSE
RHEXHDRG-SF,755257,NSE
642UP30-SG,849,NSE
H1861D46RG-MF,8455,NSE
723TN32-SG,8573,NSE
672HR35-SG,867,NSE
74HR37-SG,8580,NSE
97SFL29-YZ,8642,NSE
SFMP61DR-MF,8647,NSE
777HP49-SG,755742,NSE
364D240627-TB,755802,NSE
684TS56-SG,755925,NSE
801ABCL28-NC,755951,NSE
ABSLFTTQDG-MF,8676,NSE
729RJ32-SG,8684,NSE
73TN32-SG,8685,NSE
MUKTAARTS-BE,8691,NSE
831ABCL34-NK,755959,NSE
CIFL-EQ,756015,NSE
678RJ47-SG,756104,NSE
975IIFL28-Y0,756144,NSE
DRREDDY-EQ,881,NSE
MOTOGENFIN-BE,8793,NSE
737PN42-SG,8718,NSE
PNBGILTS-EQ,8736,NSE
1025IIFL30-Y3,756154,NSE
890ALSL27-N0,756161,NSE
995ISF28-N0,756167,NSE
995CCSP27-N0,756333,NSE
SUPERSPIN-BE,8931,NSE
BCG-EQ,8833,NSE
712MP35-SG,21966,NSE
717MP29-SG,21976,NSE
726IRMT45-N0,756724,NSE
661PFCL28-N0,756767,NSE
AGROPHOS-EQ,9046,NSE
PIXTRANS-EQ,9087,NSE
673MP30-SG,21981,NSE
BANKBETF-EQ,21986,NSE
657MZ35-SG,22014,NSE
ORCHPHARMA-EQ,926,NSE
TPLPLASTEH-EQ,9219,NSE
745AP37-SG,9345,NSE
MSTCLTD-EQ,9356,NSE
BIRET-RR,2203,NSE
720MZ30-SG,22015,NSE
750MZ30-SG,22016,NSE
72MZ29-SG,22018,NSE
ELGIEQUIP-EQ,937,NSE
776PN37-SG,9449,NSE
SONUINFRA-ST,9463,NSE
AKSHAR-EQ,9558,NSE
HIKAL-EQ,9668,NSE
773WB32-SG,9719,NSE
772MH34-SG,9724,NSE
745RJ30-SG,22036,NSE
717RJ30-SG,22044,NSE
684RJ30-SG,22068,NSE
671RJ30-SG,22077,NSE
EASTSILK-BE,9769,NSE
803AP35-SG,9826,NSE
799TN42-SG,9834,NSE
716UP29-SG,22090,NSE
673TN30-SG,22122,NSE
725TN27-SG,22127,NSE
70UP30-SG,22088,NSE
783RJ32-SG,9915,NSE
NEOGEN-EQ,9917,NSE
785AP37-SG,9928,NSE
72WB30-SG,22142,NSE
729WB29-SG,22153,NSE
735CG30-SG,22162,NSE
765TS30-SG,22188,NSE
750TS28-SG,22189,NSE
660TS30-SG,22195,NSE
810JH32-SG,22199,NSE
735TS30-SG,22208,NSE
729GA29-SG,22217,NSE
717GJ30A-SG,22222,NSE
WORTHPERI-EQ,22277,NSE
693GJ31-SG,2230,NSE
654MP35-SG,22297,NSE
MACPOWER-EQ,22347,NSE
ITIETF-EQ,22365,NSE
MAXHEALTH-EQ,22377,NSE
665GJ30-SG,22406,NSE
666TN30-SG,22413,NSE
LOVABLE-EQ,22415,NSE
MAXIND-EQ,22428,NSE
766RJ33A-SG,22495,NSE
762TN34-SG,22499,NSE
748MH35-SG,22613,NSE
745EXIM28-N0,22661,NSE
NDRINVIT-IV,22680,NSE
743CG29-SG,22694,NSE
POLYSIL-SM,22711,NSE
735PY27-SG,22741,NSE
748CG32-SG,22745,NSE
748UP34-SG,22749,NSE
746MH35-SG,22751,NSE
INM-SM,22770,NSE
825CFHL27-N0,22822,NSE
746UP34-SG,22876,NSE
743MH35-SG,22877,NSE
SGBFEB32IV-GB,22886,NSE
832TPL27-N5,22891,NSE
GOLDCASE-EQ,22901,NSE
BESTAGRO-EQ,2306,NSE
840GIL27-N1,22907,NSE
AAFS34-N2,22927,NSE
INDUSINVIT-IV,23036,NSE
SHREEKARNI-SM,23074,NSE
1065NFL27-NC,23123,NSE
8254KSFP29-N1,23170,NSE
745MH37-SG,23206,NSE
746KA38-SG,23209,NSE
742KL49-SG,23216,NSE
ENSER-SM,23230,NSE
JAYNECOIND-EQ,2331,NSE
1025SCFL34-Z5,23317,NSE
1025SCL34-Z8,23323,NSE
752HP39-SG,23355,NSE
VISHWAS-ST,23373,NSE
744MH42-SG,23432,NSE
K2INFRA-ST,23462,NSE
DRSCARGO-SM,23485,NSE
755PN32-SG,23583,NSE
ASIANPAINT-EQ,236,NSE
748TS42-SG,23588,NSE
GLOSTERLTD-EQ,23590,NSE
753PN37-SG,23636,NSE
AAFS34A-N5,23671,NSE
91MOFSL27-N2,23702,NSE
0MOFSL27-N3,23704,NSE
SILKFLEX-SM,23736,NSE
708CG29-SG,2380,NSE
VERITAAS-SM,23775,NSE
IEML-SM,23789,NSE
738JK51-SG,23812,NSE
719SK31-SG,2384,NSE
736KL36-SG,23874,NSE
737PN36-SG,23875,NSE
744PFCL34-NB,23920,NSE
902SCL27A-ZI,23946,NSE
948SCL27A-ZJ,23948,NSE
743RJ34-SG,23997,NSE
735KA39-SG,2400,NSE
74PY30-SG,24053,NSE
UTFIAIPRGI-MF,24055,NSE
735RECL34-NS,24075,NSE
RETAIL-EQ,24145,NSE
DEEDEV-EQ,24154,NSE
DURLAX-SM,24164,NSE
733RJ43-SG,24198,NSE
NILKAMAL-EQ,2421,NSE
RELAXO-EQ,24225,NSE
STANLEY-EQ,24226,NSE
735TN34-SG,24332,NSE
739ML34-SG,24334,NSE
737TS42-SG,24339,NSE
CENTRUM-EQ,2454,NSE
820TFSIL29-N0,24482,NSE
739IREDA39-N0,24580,NSE
975SCL29-N0,24587,NSE
850CIFL27-N0,24604,NSE
AVANTEL-EQ,24610,NSE
CHETANA-ST,24628,NSE
TROM-SM,24642,NSE
734PN35-SG,24649,NSE
735WB40-SG,24654,NSE
733MH44-SG,24657,NSE
787SDIL30-N0,24741,NSE
DHARIWAL-SM,24747,NSE
731KL40-SG,24757,NSE
728MP45-SG,24760,NSE
728TS46-SG,24762,NSE
ONWARDTEC-EQ,2481,NSE
726MH49-SG,24763,NSE
828PHFL26-N0,24796,NSE
721TN34-SG,24841,NSE
SUNLITE-SM,24868,NSE
724HR36-SG,24886,NSE
72MZ31-SG,24893,NSE
IDEALTECHO-SM,24950,NSE
722TN54-SG,25001,NSE
724HR36A-SG,25013,NSE
725GA35-SG,25089,NSE
725AS44-SG,25100,NSE
723AP34-SG,25107,NSE
725ML34-SG,25108,NSE
BCLIND-EQ,2513,NSE
8887HFL26-N0,25153,NSE
SANOFICONR-EQ,25222,NSE
SPPPOLY-SM,25306,NSE
INNOMET-ST,25323,NSE
APLLTD-EQ,25328,NSE
713HR36-SG,25359,NSE
765LICH31-N0,25376,NSE
PELATRO-SM,25408,NSE
744NBRD28-N0,25441,NSE
12VCCL29-N0,25466,NSE
715PN44-SG,25479,NSE
INDOUS-EQ,25503,NSE
FLEXITUFF-BE,25516,NSE
SCL25924-N1,25542,NSE
990SCL27B-N1,25548,NSE
1003SCL31A-N1,25566,NSE
1025SCL34C-N1,25568,NSE
LICMFGOLD-EQ,25640,NSE
DIVYADHAN-ST,25680,NSE
JISLDVREQS-EQ,25684,NSE
BANKPSU-EQ,25725,NSE
71KA32A-SG,25766,NSE
PRANIK-SM,25818,NSE
711PN44-SG,25833,NSE
ANKITMETAL-BZ,25878,NSE
IMPEXFERRO-BZ,25881,NSE
DBEIL-BE,25894,NSE
3PLAND-EQ,2595,NSE
835TCSL27-N0,25946,NSE
713RJ34-SG,25957,NSE
717PN44-SG,25964,NSE
ATUL-EQ,263,NSE
729TR36-SG,2690,NSE
732IREDA29-N0,25989,NSE
890BTL31-N0,27025,NSE
TBZ-EQ,27037,NSE
BLACKBUCK-EQ,27144,NSE
PRECWIRE-EQ,2717,NSE
713BR34A-SG,27149,NSE
709GS2074-GS,27170,NSE
RACLGEAR-EQ,27171,NSE
709KA30A-SG,27185,NSE
714TN34-SG,27190,NSE
719MP38-SG,27200,NSE
716MP44-SG,27206,NSE
C2C-SM,27274,NSE
793NIIF30-N0,27304,NSE
710JK44-SG,27317,NSE
AUROPHARMA-EQ,275,NSE
712AS34-SG,27318,NSE
935TSI32-N0,27431,NSE
935TSI30-N0,27448,NSE
716ML31-SG,2756,NSE
719KA40-SG,2771,NSE
769LICH26-N0,27750,NSE
AUTOAXLES-EQ,278,NSE
790LTFL34-N0,28109,NSE
697TN28-SG,28180,NSE
712RJ39-SG,28235,NSE
RAYMOND-EQ,2859,NSE
710TN54-SG,28279,NSE
720NHB31-N0,28493,NSE
IDENTICAL-SM,28574,NSE
96IIFL28A-NF,2877,NSE
MAMATA-EQ,28687,NSE
770TPREL34-N0,28797,NSE
SANATHAN-EQ,28805,NSE
714MP45-SG,28820,NSE
717WB42-SG,28831,NSE
94SCL27U-N1,28914,NSE
925SCL29S-N1,28926,NSE
717MP38-SG,29004,NSE
711TN55-SG,29072,NSE
RICOAUTO-EQ,2909,NSE
QUADFUTURE-EQ,29087,NSE
722BR40-SG,29121,NSE
724MH44-SG,29125,NSE
693SK31-SG,2913,NSE
722BR35-SG,29132,NSE
770SUNF28-N0,29169,NSE
725IRFC35B-N0,29180,NSE
720LT35-N0,29233,NSE
684UK31-SG,2919,NSE
78537ABH30-N0,29190,NSE
ONESOURCE-EQ,29224,NSE
712GJ35-SG,29237,NSE
PFL230125A-N0,29247,NSE
729NHB31-N0,29268,NSE
REXPRO-SM,29270,NSE
685AS31-SG,2930,NSE
712BR37-SG,29282,NSE
711TN45-SG,29292,NSE
711BR45-SG,29293,NSE
69AS30A-SG,294,NSE
734IRFC28-N4,29323,NSE
MOHITIND-EQ,29423,NSE
713MH37B-SG,29503,NSE
KALYANKJIL-EQ,2955,NSE
BSLIFQPIDG-MF,29556,NSE
707GJ32-SG,29568,NSE
718JK45-SG,29571,NSE
SAKHTISUG-EQ,2969,NSE
709TN35-SG,29575,NSE
NIF100BEES-EQ,29577,NSE
704IRFC28-N6,29607,NSE
689OR28A-SG,29696,NSE
713KA34A-SG,29709,NSE
TEJASCARGO-SM,29723,NSE
SANDESH-EQ,2988,NSE
717RJ35-SG,29920,NSE
72MN40-SG,29933,NSE
72OR45-SG,29940,NSE
NIFTY100EW-EQ,29944,NSE
735NHB32-N0,29954,NSE
744PFCL30-N0,29969,NSE
727TS47-SG,29992,NSE
722TN33-SG,30000,NSE
73OR39-SG,30020,NSE
729WB38-SG,30073,NSE
723UK32-SG,30075,NSE
727PY33-SG,30076,NSE
PRABHA-EQ,30134,NSE
718MP49-SG,30171,NSE
718KL50A-SG,30172,NSE
702TN29A-SG,30177,NSE
DIVINEHIRA-ST,30262,NSE
820CANF27-N0,30194,NSE
SCL19325A-N1,30210,NSE
748NABF28-N0,30265,NSE
687GJ28A-SG,30413,NSE
702MP35-SG,30431,NSE
701TN35-SG,30436,NSE
774IREDA35-N0,30479,NSE
MHLSRG-SF,30558,NSE
MHLSDD-SF,30566,NSE
MHLSDDR-SF,30568,NSE
VEDL-EQ,3063,NSE
684GA31-SG,3076,NSE
682KL35-SG,3083,NSE
ISIFAAFDG-SF,31043,NSE
RHIM-EQ,31163,NSE
NDL-EQ,31258,NSE
NBCC-EQ,31415,NSE
AURUS-EQ,31468,NSE
892NHPC33-N6,31487,NSE
JPOLYINVST-EQ,31507,NSE
763GJ37-SG,31637,NSE
77GJ40-SG,31687,NSE
182D101226-TB,31718,NSE
738RECL29-N0,31927,NSE
ANGELONE-EQ,324,NSE
BALMLAWRIE-EQ,338,NSE
TAINWALCHM-EQ,3396,NSE
82IGT31-NJ,3464,NSE
TFCILTD-EQ,3466,NSE
772IGT31-NK,3470,NSE
CLSEL-EQ,3482,NSE
BANARISUG-EQ,350,NSE
688MH33-SG,3522,NSE
696TN51-SG,3578,NSE
UNICHEMLAB-EQ,3579,NSE
HEALTHAXIS-EQ,3608,NSE
VARDMNPOLY-EQ,3646,NSE
VESUVIUS-EQ,3676,NSE
704JK36-SG,3697,NSE
665WB28-SG,3726,NSE
68RJ31-SG,3752,NSE
WALCHANNAG-EQ,3736,NSE
BEL-EQ,383,NSE
TOKYOPLAST-EQ,3837,NSE
REMSONSIND-EQ,3965,NSE
681MH28-SG,427,NSE
693JH30-SG,428,NSE
TNPL-EQ,3980,NSE
CUBEXTUB-EQ,4064,NSE
GULFOILLUB-EQ,4391,NSE
CREDITACC-EQ,4421,NSE
INDIANCARD-EQ,4422,NSE
HAWKINCOOK-EQ,4444,NSE
ELPROINTL-EQ,4471,NSE
ALKYLAMINE-EQ,4487,NSE
MPHASIS-EQ,4503,NSE
GS220250C-GS,4552,NSE
SANWARIA-BZ,46,NSE
RAMCOIND-EQ,4587,NSE
KOTHARIPET-EQ,4594,NSE
HDFCLIFE-EQ,467,NSE
709WB40-SG,472,NSE
BANKINDIA-EQ,4745,NSE
703AP40-SG,475,NSE
CONCOR-EQ,4749,NSE
683TN31-SG,4755,NSE
706WB36-SG,4782,NSE
HAPPSTMNDS-EQ,48,NSE
706KL38-SG,4790,NSE
DODLA-EQ,4822,NSE
694UK31-SG,4891,NSE
697RJ31-SG,4997,NSE
701MH32-SG,5002,NSE
682BR28-SG,5026,NSE
699UP31-SG,5038,NSE
724TN51-SG,5091,NSE
10IIFL28-N4,5212,NSE
ALIVUS-EQ,5265,NSE
PRITIKAUTO-BE,5296,NSE
REXPIPES-SM,5309,NSE
WINDLAS-EQ,5366,NSE
NUVOCO-EQ,5426,NSE
CHEMPLASTS-EQ,5449,NSE
SERVOTECH-EQ,5507,NSE
688GA31-SG,5557,NSE
702ML41-SG,5570,NSE
VIJAYA-EQ,5585,NSE
SFMP50DD-MF,5592,NSE
677RJ31A-SG,5743,NSE
CANFINHOME-EQ,583,NSE
CYIENT-EQ,5748,NSE
889SCL26-NS,5855,NSE
623RJ27-SG,5877,NSE
GRAPHITE-EQ,592,NSE
698PN33-SG,5885,NSE
698JK36-SG,5890,NSE
INTELLECT-EQ,5926,NSE
704AP34-SG,5967,NSE
659CG28-SG,5971,NSE
689GA31A-SG,5972,NSE
70JH33-SG,5983,NSE
705WB36-SG,6001,NSE
EIFFL-BE,6042,NSE
697UP31A-SG,6099,NSE
695KA31-SG,6210,NSE
663HR28-SG,6317,NSE
696RJ31-SG,6327,NSE
IGARASHI-EQ,634,NSE
SGBNOV26-GB,6355,NSE
708AP35-SG,6485,NSE
GRPLTD-EQ,6543,NSE
694AS31-SG,6556,NSE
692RJ31-SG,6557,NSE
70AP39B-SG,6564,NSE
FINOPB-EQ,6579,NSE
EQUAL50ADD-EQ,6606,NSE
574GS2026-GS,6695,NSE
PAYTM-EQ,6705,NSE
BIRLACABLE-BE,6815,NSE
686HP30-SG,6878,NSE
693HP32-SG,6880,NSE
691WB31-SG,6897,NSE
828GS2027-GS,6921,NSE
897GS2030-GS,7011,NSE
683KA31A-SG,7045,NSE
788GS2030-GS,7122,NSE
813GS2045-GS,7124,NSE
ZODIAC-EQ,7129,NSE
ANANDRATHI-EQ,7145,NSE
706GS2046-GS,7184,NSE
696KA31A-SG,7304,NSE
696UP31-SG,7314,NSE
FOCE-SM,7385,NSE
ALPHA-EQ,7412,NSE
MANAKCOAT-EQ,7413,NSE
NIFTYADD-EQ,7451,NSE
MANAKSTEEL-EQ,7463,NSE
WOCKPHARMA-EQ,7506,NSE
815TCHFL31-N0,750588,NSE
ZENTEC-EQ,7508,NSE
696PY30-SG,7511,NSE
PHLSRDI-SF,751290,NSE
704UP31-SG,7534,NSE
LCCINFOTEC-EQ,7529,NSE
SMALLGROWW-EQ,751745,NSE
728AP32-SG,753690,NSE
755PN33-SG,753693,NSE
788NIIF29-N0,753867,NSE
18MVL31-N0,753933,NSE
656AS30-SG,754,NSE
91D240926-TB,755746,NSE
687TS55-SG,755857,NSE
875CIFL32-N0,755879,NSE
830ABCL26-NJ,755958,NSE
852MFL28-N0,755984,NSE
10UCL26-ND,755996,NSE
1050UCL28-NH,756004,NSE
815ANN32-N0,756029,NSE
18PVL29-N0,756035,NSE
676MH37-SG,756062,NSE
UNITEDPOLY-BE,7564,NSE
677PN43-SG,756099,NSE
667UP32-SG,756101,NSE
850HHFL27-N0,756165,NSE
SHRIAHIMSA-ST,756409,NSE
679TS56-SG,756710,NSE
687REC30-N0,756722,NSE
73064ABH28-N0,756769,NSE
709TS61-SG,756793,NSE
642JK31-SG,756807,NSE
685RJ47-SG,756816,NSE
753PHFL30-N0,756821,NSE
665GJ37-SG,756812,NSE
759GIL30-N0,756876,NSE
665GA35-SG,756810,NSE
754GIL29-N0,756874,NSE
672TR40-SG,756814,NSE
ABLBL-EQ,756843,NSE
671AP35-SG,756858,NSE
68TS57-SG,756862,NSE
803ABCL35-N0,756882,NSE
686NHPCL37-N0,756905,NSE
686NHPCL31-N0,756934,NSE
689NTPC35-N0,756938,NSE
ACCPL-ST,757024,NSE
686TS46-SG,757117,NSE
738ABCL28-N0,757148,NSE
MONEXT50-EQ,757167,NSE
930APMD27-N0,757178,NSE
684AP38-SG,757387,NSE
661AP34-SG,757399,NSE
663GA35-SG,757400,NSE
72959ABC28-N0,757415,NSE
60TN28-SG,757425,NSE
703HR39-SG,757435,NSE
SNXT30BEES-EQ,757455,NSE
902SCL30-NE,757470,NSE
985SCL32-NJ,757475,NSE
SCODATUBES-EQ,757478,NSE
DIGITIDE-EQ,757515,NSE
FISCHER-EQ,757658,NSE
74342PHF30-N0,757702,NSE
680TN35-SG,757735,NSE
715HP50-SG,757741,NSE
715WB52-SG,757742,NSE
697UK35-SG,757749,NSE
706RJ38-SG,757750,NSE
719PN40-SG,757784,NSE
712LTFL28-N0,757828,NSE
9PFL27-N0,757839,NSE
CRIZAC-EQ,757850,NSE
651KA30-SG,758,NSE
895AEL27-N9,757869,NSE
75GFL28-N0,757980,NSE
71ABHFL27-N0,757995,NSE
920SCL28-N0,758139,NSE
758ABHFL35-N0,758141,NSE
724CANF28-N0,758171,NSE
723LTFL28-N0,758298,NSE
AMCL-SM,758427,NSE
695OR31-SG,758578,NSE
702GJ33A-SG,758579,NSE
712UP33-SG,758583,NSE
666NBRD28-N0,758642,NSE
782JK42-SG,758722,NSE
758KL50-SG,758728,NSE
MEIL-EQ,758748,NSE
1165ESF32-N0,758760,NSE
715UP35-SG,758818,NSE
364D231026-TB,758835,NSE
702BR30A-SG,758844,NSE
724MH34-SG,758846,NSE
751HR41-SG,758851,NSE
SGMART-EQ,758889,NSE
774TS55-SG,758918,NSE
627TN27-SG,758923,NSE
STLNETWORK-EQ,758958,NSE
CURRENT-SM,758964,NSE
GANESHCP-EQ,759012,NSE
732RJ35-SG,759028,NSE
744TS47-SG,759034,NSE
744TS51A-SG,759039,NSE
GML-SM,759089,NSE
DHARAN-BZ,759203,NSE
747JK40-SG,759190,NSE
746TS53-SG,759196,NSE
JKIPL-EQ,759205,NSE
735BTL27-N0,759271,NSE
712UP33A-SG,759307,NSE
757PN37-SG,759321,NSE
731MZ41-SG,759390,NSE
726MH42-SG,759391,NSE
116VCCL27A-N0,759392,NSE
118VCCL27B-N0,759394,NSE
GREENLEAF-ST,759427,NSE
SHREEJISPG-EQ,759448,NSE
758CIFL30-N0,759486,NSE
805MFL30-N0,759500,NSE
725GA36-SG,759550,NSE
ORKLAINDIA-EQ,759569,NSE
748KL45-SG,759595,NSE
748KA37A-SG,759700,NSE
1180IFL28-N0,759712,NSE
GROWW-EQ,759806,NSE
PINELABS-EQ,759820,NSE
364D121126-TB,759831,NSE
712TACA28-N0,759836,NSE
712UP33B-SG,759853,NSE
72TN36-SG,759857,NSE
745HP40-SG,759859,NSE
712MPL28-N0,759903,NSE
743TN36-SG,759916,NSE
75GA36-SG,759918,NSE
740BTL29-N0,759922,NSE
SOLARWORLD-EQ,759929,NSE
STYL-EQ,759934,NSE
656RJ29-SG,759984,NSE
729PN33-SG,760012,NSE
745KL50-SG,760025,NSE
744TN55B-SG,760027,NSE
727ABL35-N0,760037,NSE
747KA36-SG,760058,NSE
72TN35-SG,760069,NSE
749TS39-SG,760071,NSE
364D031226-TB,760100,NSE
736CIFL28-N0,760106,NSE
771UP46-SG,760161,NSE
728PHFL28-N0,760200,NSE
MARKOLINES-EQ,760204,NSE
76825AIFL2-N0,760209,NSE
8SMC29-N1,760218,NSE
769HP46-SG,760239,NSE
AAFS30D-N0,760240,NSE
ABSL10BANK-EQ,760247,NSE
879SCL30-N0,760284,NSE
752HR42-SG,760294,NSE
810SIHF35-N0,760312,NSE
FWSTC-SM,760331,NSE
714NL30A-SG,760336,NSE
815MOFS28-N0,760344,NSE
PARKHOSPS-EQ,760351,NSE
752WB44-SG,760387,NSE
875MOF27-N0,760395,NSE
GROWWMETAL-EQ,760438,NSE
915APSBC28-N0,760366,NSE
754HR40-SG,760444,NSE
756KL44-SG,760472,NSE
742KA35A-SG,760509,NSE
747OR36-SG,760511,NSE
762WB41-SG,760516,NSE
759TS48-SG,760522,NSE
695MP30-SG,760557,NSE
722TN32-SG,760563,NSE
759MP44-SG,760583,NSE
761WB45-SG,760586,NSE
364D070127-TB,760593,NSE
765TS52-SG,760609,NSE
756OR38-SG,760634,NSE
765AS38-SG,760668,NSE
GROWWCHEM-EQ,760673,NSE
765BR44-SG,760679,NSE
698SHFL28-N0,760707,NSE
364D150127-TB,760714,NSE
HALDER-EQ,760715,NSE
905SCL36-N0,760731,NSE
364D280127-TB,760761,NSE
721TN32A-SG,760769,NSE
762JK41-SG,760776,NSE
710NBRD29-N0,760782,NSE
725BACL28-N0,760815,NSE
76UP37-SG,760839,NSE
757UP36-SG,760846,NSE
OMNI-EQ,760865,NSE
YAAP-SM,760870,NSE
731KA33-SG,760879,NSE
74TN35-SG,760883,NSE
GROWWPSE-EQ,760976,NSE
920ISF28B-N0,760901,NSE
NEOCHEM-ST,760931,NSE
745NBFID36-N0,760989,NSE
769HR42-SG,761009,NSE
766KL39-SG,761014,NSE
767UP41-SG,761049,NSE
774WB48-SG,761052,NSE
805NMC32-N4,761078,NSE
805NMC33-N5,761079,NSE
885IIFL29-Y8,761120,NSE
SHYAMDHANI-ST,761213,NSE
CITI28-N0,761303,NSE
785BTL29-N0,761309,NSE
AEL12126-NI,761341,NSE
848AEL29-NJ,761342,NSE
AAFS31-N0,761367,NSE
765MP40-SG,761369,NSE
768KL49-SG,761381,NSE
364D110327-TB,761384,NSE
790NOM28-N0,761399,NSE
SINGERIND-EQ,761420,NSE
779WB45-SG,761447,NSE
729GJ34-SG,761456,NSE
756SK36-SG,761458,NSE
752GA37-SG,761460,NSE
885ICFL28-N0,761463,NSE
91ICFL29-N0,761465,NSE
769TS56-SG,761477,NSE
784WB47A-SG,761520,NSE
744GJ33-SG,761553,NSE
762KA36-SG,761566,NSE
CMPDI-EQ,761581,NSE
784ML36-SG,761642,NSE
781HP36-SG,761644,NSE
791PN36-SG,761645,NSE
791MH39-SG,761647,NSE
807MH49-SG,761657,NSE
NDR31-N0,761739,NSE
738HR31-SG,761756,NSE
807TR43-SG,761763,NSE
TCC-EQ,761814,NSE
364D150427-TB,762431,NSE
DECNGOLD-EQ,762638,NSE
DISAQ-EQ,762643,NSE
KAMAHOLD-EQ,762732,NSE
LAHOTIOV-EQ,762762,NSE
MADHAVIPL-EQ,762767,NSE
PRAVEG-EQ,762844,NSE
PREMCO-EQ,762849,NSE
SAPPL-EQ,762874,NSE
SONAL-EQ,762919,NSE
781AP56-SG,763070,NSE
754TS33-SG,763071,NSE
77TS37-SG,763074,NSE
7794LTFL31-N0,763080,NSE
QSIFAADP-SF,763084,NSE
82907AIF29-N0,763154,NSE
767NHPCL37-N0,763653,NSE
761TFSIL28-N0,763528,NSE
767NHPCL33-N0,763645,NSE
850HMDA44-N0,763687,NSE
850HMDA31-N0,763703,NSE
791JK46-SG,763733,NSE
702PN30-SG,763773,NSE
753TS39-SG,763774,NSE
764TS44A-SG,763777,NSE
INSIFHLSRR-SF,763861,NSE
729SIDBI29-N0,764113,NSE
738GJ35A-SG,764146,NSE
769MZ41-SG,764151,NSE
182D140127-TB,764153,NSE
730TMCL29-N0,764193,NSE
758MP38-SG,764246,NSE
758WB35-SG,764250,NSE
915ICFL28-N0,764281,NSE
915ICFL28A-N0,764283,NSE
832TPL29A-N0,764355,NSE
182D280127-TB,764329,NSE
364D290727-TB,764330,NSE
IMAGICAA-EQ,7672,NSE
656MH30-SG,776,NSE
IIFLHF29-NE,7674,NSE
718TS33-SG,7690,NSE
712AS32-SG,7691,NSE
889SCFL27-YC,7777,NSE
BCONCEPTS-EQ,7780,NSE
UNIINFO-EQ,7791,NSE
RAMCOSYS-EQ,7851,NSE
733KA40-SG,7859,NSE
643RJ27-SG,7867,NSE
AUTOBEES-EQ,7880,NSE
727AR32-SG,7897,NSE
737KA38-SG,7908,NSE
PRECISION-ST,7963,NSE
696HR29-SG,8011,NSE
CINEVISTA-EQ,8024,NSE
724RJ32A-SG,8136,NSE
DEEPAKFERT-EQ,827,NSE
716KA36-SG,8190,NSE
713JK34-SG,8192,NSE
709GJ32-SG,8289,NSE
BLUESTARCO-EQ,8311,NSE
GSEC5IETF-EQ,8342,NSE
725TN32-SG,8357,NSE
H1861D46DD-MF,8442,NSE
H1861D46RD-MF,8450,NSE
735JH38-SG,8498,NSE
645RJ30-SG,855,NSE
DHAMPURSUG-EQ,857,NSE
741PN42-SG,8501,NSE
737RJ34-SG,8578,NSE
SWARAJ-SM,8608,NSE
734MN32A-SG,8695,NSE
736TS36-SG,8703,NSE
739UP37-SG,8705,NSE
74KL37-SG,8713,NSE
TCIFINANCE-BE,8722,NSE
SHAILY-EQ,8727,NSE
H187646RG-MF,8761,NSE
H1876D46RD-MF,8776,NSE
GAEL-EQ,8828,NSE
TTML-EQ,8954,NSE
752AP42-SG,8977,NSE
NOVARTIND-EQ,9007,NSE
DPABHUSHAN-EQ,936,NSE
PNC-EQ,9342,NSE
IOB-EQ,9348,NSE
BHARATGEAR-BE,9397,NSE
EMBASSY-RR,9383,NSE
SILVERTUC-EQ,9422,NSE
SKIPPER-EQ,9428,NSE
763HR29-SG,9433,NSE
761MH29-SG,9435,NSE
LICI-EQ,9480,NSE
667GS2050-GS,956,NSE
77RJ32-SG,9532,NSE
RVNL-EQ,9552,NSE
ESCORTS-EQ,958,NSE
SUBEXLTD-BE,959,NSE
TRIDENT-EQ,9685,NSE
762MH30-SG,9695,NSE
769MZ31-SG,9708,NSE
772RJ35-SG,9725,NSE
PARADEEP-EQ,9741,NSE
78AP31-SG,9773,NSE
781HR32-SG,9780,NSE
GOLDTECH-BE,9878,NSE
763GS2059-GS,9907,NSE
786AS32-SG,9916,NSE
686NHPCL40-N0,756884,NSE
MON50EQUAL-EQ,756900,NSE
686NHPCL36-N0,756903,NSE
684HP35-SG,756910,NSE
686NHPCL33-N0,756923,NSE
651GJ33-SG,757019,NSE
684JK42-SG,757037,NSE
715SHFL30-N0,757047,NSE
VGINFOTECH-SM,757060,NSE
BELRISE-EQ,757102,NSE
677HR39-SG,757112,NSE
930APMD31-N0,757186,NSE
688MP41-SG,757389,NSE
692TS45-SG,757392,NSE
875SCL27A-N1,757419,NSE
668AP35B-SG,757429,NSE
708AP40A-SG,757437,NSE
842SCL27-N3,757459,NSE
9SCL28-N7,757463,NSE
945SCL32-NL,757477,NSE
667NBFID30-N0,757483,NSE
703MH38-SG,757548,NSE
704MH40-SG,757552,NSE
71WB51-SG,757556,NSE
717SHFL30-N0,757565,NSE
AAKAAR-SM,757579,NSE
MAYASHEEL-SM,757587,NSE
688BR35-SG,757627,NSE
SILKY-SM,757679,NSE
711WB44-SG,757713,NSE
115VCCL27-N0,757719,NSE
700AP37-SG,757736,NSE
715MH47-SG,757739,NSE
714TS55-SG,757743,NSE
713KL58-SG,757744,NSE
SPUNWEB-SM,757865,NSE
AEL170725-ND,757873,NSE
690BR35-SG,757911,NSE
BORANA-EQ,757919,NSE
EUROBOND-EQ,757953,NSE
JSLL-EQ,758115,NSE
PERFECT-SZ,758121,NSE
688AP34A-SG,757934,NSE
724MP45-SG,758122,NSE
JYOTIGLOBL-SM,758221,NSE
725SIHF28-N0,758292,NSE
GROWWLOVOL-EQ,758300,NSE
SBILIQETF-EQ,758496,NSE
RAYMONDREL-EQ,758551,NSE
827TPL29-N0,758634,NSE
REGAAL-BE,758682,NSE
725OR33-SG,758714,NSE
756HP40-SG,758721,NSE
757MP45-SG,758725,NSE
ANONDITA-SM,758740,NSE
880MOF27-N0,758824,NSE
705SFL27-N0,758829,NSE
SIMBHALS-BZ,758836,NSE
CPPLUS-EQ,758858,NSE
717SIHF28-N0,758872,NSE
SUPREMEENG-BZ,758997,NSE
VIKRAN-EQ,758973,NSE
745BR45-SG,759032,NSE
744TS49-SG,759036,NSE
745BR50-SG,759038,NSE
RHETAN-EQ,759062,NSE
ABCRESET28-N0,759067,NSE
795AMLIL35-N0,759073,NSE
TECHD-ST,759141,NSE
734NRL35-N0,759071,NSE
965ISF28-N0,759100,NSE
7425NIIF30-N0,759144,NSE
755TCSL28-N0,759146,NSE
705TN31-SG,759167,NSE
AGSTRA-BZ,759202,NSE
745HR42-SG,759192,NSE
747WB44-SG,759193,NSE
364D170926-TB,759199,NSE
RHFL-BZ,759204,NSE
ASIFRG-SF,759228,NSE
735UP39-SG,759230,NSE
165RARL28-N0,759237,NSE
12VCCL28-N0,759281,NSE
113ESFB31-N0,759296,NSE
658TN29-SG,759305,NSE
758BR43-SG,759327,NSE
748MP45-SG,759330,NSE
739JK37A-SG,759388,NSE
WEWORK-EQ,759434,NSE
GEMAROMA-EQ,759461,NSE
705JCL27-N0,759472,NSE
920PFL28-N2,759563,NSE
935PFL33-N3,759564,NSE
840MCSL31-N0,759496,NSE
CHOICEGOLD-EQ,759610,NSE
754CG38-SG,759701,NSE
762UP41-SG,759705,NSE
767CG43-SG,759708,NSE
702UP32-SG,759736,NSE
745MP41-SG,759742,NSE
745MP44B-SG,759744,NSE
880PFL28-N0,759754,NSE
BETA-EQ,759842,NSE
TAURIAN-SM,759756,NSE
SICCL28-N0,759832,NSE
73TACA30-N0,759838,NSE
72841ABH30-N0,759874,NSE
CHEMICAL-EQ,759885,NSE
732MPL30-N0,759905,NSE
PAUSHAKLTD-EQ,759969,NSE
724RJ36A-SG,760016,NSE
754PN34-SG,759911,NSE
ESENSEX-EQ,759995,NSE
705SFL28A-N0,760035,NSE
11VCCL27-N0,760045,NSE
764CG40-SG,760060,NSE
767HR41-SG,760061,NSE
718TN33-SG,760065,NSE
755TS46-SG,760087,NSE
74BR35-SG,760092,NSE
GLOTTIS-BE,760118,NSE
VIDYAWIRES-EQ,760224,NSE
742BR31-SG,760253,NSE
WAKEFIT-EQ,760259,NSE
742TN35-SG,760267,NSE
752TS36-SG,760271,NSE
748MH45-SG,760295,NSE
MIDCAPADD-EQ,760356,NSE
915APSBC26-N0,760362,NSE
915APSBC31-N0,760372,NSE
915APSBC34-N0,760378,NSE
DIVIDEND-EQ,760412,NSE
EXIMROUTES-SM,760422,NSE
752AP37-SG,760441,NSE
758WB42-SG,760471,NSE
895PAPL28A-N0,760467,NSE
724RJ31-SG,760481,NSE
88TIAPL29-N0,760493,NSE
707GJ30-SG,760501,NSE
719KA32-SG,760503,NSE
724OR32-SG,760504,NSE
729NHPC35-N0,760539,NSE
729NHPC38-N0,760545,NSE
753AP36A-SG,760566,NSE
764WB41-SG,760581,NSE
761AP42-SG,760582,NSE
766MH47-SG,760607,NSE
762PN33-SG,760617,NSE
759AS36-SG,760632,NSE
753TN37-SG,760633,NSE
1150AFIL29-N0,760641,NSE
743GS2076-GS,760649,NSE
AAFS30C-N0,760695,NSE
770TOPL30-N0,760745,NSE
764TS44-SG,760754,NSE
12DCCL29-N0,760763,NSE
762AS46-SG,760771,NSE
758TN56A-SG,760772,NSE
751UK35-SG,760773,NSE
710PFCL36-N5,760803,NSE
PFCL36B-N9,760807,NSE
705PFCL41-NA,760808,NSE
790IHFL27-N0,760817,NSE
749KA35-SG,760845,NSE
696PFCL28-N0,760859,NSE
731PFCL36-N0,760861,NSE
759PHFL31-N0,760863,NSE
GROWWHOSPI-EQ,760874,NSE
182D030926-TB,760887,NSE
756KA36-SG,760911,NSE
776TS39-SG,760915,NSE
782MP42-SG,760920,NSE
777BR52-SG,760937,NSE
BRANDMAN-SM,760972,NSE
773HR45-SG,761010,NSE
772MP49-SG,761018,NSE
724PFCL31-N0,761028,NSE
BONLON-EQ,761056,NSE
805NMC31-N3,761077,NSE
837IIFL28-Y4,761116,NSE
VITAL-BE,761150,NSE
852IIFL29-Y5,761117,NSE
723GJ33-SG,761321,NSE
744KA36A-SG,761325,NSE
AEL1212026-NO,761347,NSE
774MZ41-SG,761373,NSE
182D100926-TB,761383,NSE
1180IFL28A-N0,761397,NSE
785KSFP28-N0,761401,NSE
769HR42A-SG,761419,NSE
749JH36-SG,761413,NSE
78JK46-SG,761449,NSE
72JH32-SG,761455,NSE
1165ESFB32-N0,761461,NSE
HSBCGOLD-EQ,761506,NSE
788AP46-SG,761519,NSE
724TN31-SG,761549,NSE
763UK35-SG,761556,NSE
755TN36-SG,761564,NSE
768KA37A-SG,761567,NSE
776HR39-SG,761569,NSE
ALSRP-SF,761597,NSE
1275DCCL28-N0,761737,NSE
799UK44-SG,761745,NSE
80AP44-SG,761746,NSE
788HR41-SG,761759,NSE
87HMDA42-N0,761799,NSE
9PCPL28A-N0,761819,NSE
AARNAV-EQ,761821,NSE
CORDELIA-EQ,762163,NSE
76KL33-SG,762423,NSE
786MP42-SG,762426,NSE
ASTAR-EQ,762553,NSE
ABMKNO-EQ,762528,NSE
COCKERILL-EQ,762623,NSE
GRAVISSHO-EQ,762700,NSE
INDPRUD-EQ,762717,NSE
KPL-EQ,762757,NSE
MAJESAUT-BE,762780,NSE
PML-EQ,762834,NSE
QUINT-EQ,762854,NSE
845MFL29-N0,763046,NSE
SDIL41-N0,763048,NSE
755MH34-SG,763065,NSE
784PN38-SG,763075,NSE
182D221026-TB,763078,NSE
QSIFAARR-SF,763088,NSE
768CG36-SG,763195,NSE
783KL49-SG,763197,NSE
764MP34-SG,763198,NSE
935ISF36-N0,763359,NSE
769UK36-SG,763202,NSE
743RJ31-SG,763283,NSE
808CIFCL29-N0,763290,NSE
785MZ38-SG,763371,NSE
182D121126-TB,763373,NSE
MSCI360-EQ,763602,NSE
787UK44-SG,763623,NSE
767NHPCL35-N0,763649,NSE
767NHPCL38-N0,763655,NSE
MERCURYEV-EQ,763663,NSE
850HMDA43-N0,763691,NSE
850HMDA30-N0,763701,NSE
1275DCC28-N0,763717,NSE
77GJ36-SG,763736,NSE
855MFL36-N0,763747,NSE
74CG35-SG,764032,NSE
73JH33-SG,764036,NSE
73KL33-SG,764037,NSE
759UP42-SG,764043,NSE
764WB44-SG,764045,NSE
783LTFL29-N0,764062,NSE
1180IFL28B-N0,764109,NSE
KUSUMGAR-EQ,764116,NSE
91D151026-TB,764152,NSE
938GFL29-N0,764157,NSE
938GCML28-N0,764161,NSE
730RL31-N0,764178,NSE
LIQUIDBETA-EQ,764180,NSE
BANK10BETF-EQ,764183,NSE
CPL-EQ,764203,NSE
1075WCAP29-N0,764310,NSE
XTRANET-BE,764313,NSE
91D291026-TB,764328,NSE
HYBRIDETF-EQ,764333,NSE
MFL29A-N0,764353,NSE
718AP40-SG,7713,NSE
ELMDIV-EQ,764367,NSE
723ULCE30-N0,764370,NSE
647MH28-SG,773,NSE
704TN30-SG,7812,NSE
728TS35-SG,7815,NSE
WEL-EQ,7835,NSE
654GS2032-GS,7843,NSE
724BR32-SG,7870,NSE
735KA36-SG,7872,NSE
748WB37-SG,7911,NSE
MAKEINDIA-EQ,7979,NSE
GRWRHITECH-EQ,7982,NSE
732KA34-SG,8006,NSE
DCW-EQ,817,NSE
FIBERWEB-EQ,8159,NSE
MOMOMENTUM-EQ,8182,NSE
67ML30-SG,83,NSE
64KA30B-SG,843,NSE
717RJ32-SG,8331,NSE
SHIGAN-SM,8394,NSE
642GA30-SG,852,NSE
655TR30-SG,858,NSE
XELPMOC-EQ,8477,NSE
713TN30-SG,8570,NSE
TRANSWORLD-BE,8619,NSE
ABSLFTTQRN-MF,8678,NSE
VRLLOG-EQ,8696,NSE
734NL32-SG,8698,NSE
735SK32-SG,8699,NSE
736WB32-SG,8701,NSE
H1876D46DQ-MF,8774,NSE
OBCL-EQ,8797,NSE
PRIVISCL-EQ,8825,NSE
AVROIND-EQ,8827,NSE
729AP34-SG,8930,NSE
711MH29-SG,8935,NSE
RITCO-EQ,8944,NSE
ELDEHSG-EQ,8953,NSE
VCL-EQ,9020,NSE
ARVINDFASN-EQ,9111,NSE
EIDPARRY-EQ,916,NSE
TIPSMUSIC-EQ,9117,NSE
875SCL27-YQ,9255,NSE
KRITIKA-EQ,9288,NSE
TRU-EQ,9378,NSE
773HR33-SG,9441,NSE
SFMP1DR-MF,9517,NSE
METROPOLIS-EQ,9581,NSE
DELHIVERY-EQ,9599,NSE
SPLPETRO-EQ,9617,NSE
64KA30C-SG,972,NSE
MEDICO-EQ,9667,NSE
767AP31-SG,9696,NSE
771AP32-SG,9711,NSE
KANORICHEM-BE,9805,NSE
782MN32-SG,9781,NSE
785KL34-SG,9788,NSE
65NL30-SG,991,NSE
CHEVIOT-EQ,9879,NSE
AXITA-EQ,9902,NSE
688WB40-SG,1015,NSE
GODREJCP-EQ,10099,NSE
BALKRISHNA-EQ,10181,NSE
782GJ32-SG,10196,NSE
785MP32-SG,10198,NSE
794HR34-SG,10205,NSE
794TS36-SG,10212,NSE
781RJ47-SG,10219,NSE
782AS32-SG,10246,NSE
PPL-BE,10299,NSE
ARVSMART-EQ,10457,NSE
SENSEXBETA-EQ,10515,NSE
SHARDAMOTR-EQ,10530,NSE
789WB37-SG,10553,NSE
RAMAPHO-EQ,10568,NSE
775TN32-SG,10651,NSE
MOMENTUM-EQ,10693,NSE
728NTPC30B-N9,10741,NSE
753NTPC30E-NC,10749,NSE
65GJ30-SG,1075,NSE
766UP32-SG,10771,NSE
774TS46-SG,10784,NSE
66SK30-SG,1084,NSE
684MZ34-SG,1090,NSE
736GS2052-GS,10931,NSE
RADAAN-EQ,10932,NSE
745HR32-SG,10955,NSE
75HP36-SG,10960,NSE
755BR32-SG,11094,NSE
756WB39-SG,11159,NSE
SILVERAXIS-EQ,11193,NSE
NOIDATOLL-BE,11214,NSE
BAGFILMS-EQ,11226,NSE
WELSPUNLIV-EQ,11253,NSE
PETRONET-EQ,11351,NSE
HDFCQUAL-EQ,11255,NSE
HDFCVALUE-EQ,11260,NSE
SIL-EQ,11297,NSE
DHANBANK-EQ,11359,NSE
BIOCON-EQ,11373,NSE
77PN42-SG,11416,NSE
774RJ42-SG,11418,NSE
DATAMATICS-EQ,11423,NSE
77KL47-SG,11424,NSE
CMRSL-SM,11447,NSE
SWASTIK-ST,11497,NSE
AMBICAAGAR-EQ,11496,NSE
785UK32-SG,11510,NSE
785BR32-SG,11513,NSE
654AR30-SG,1157,NSE
NIITLTD-EQ,11522,NSE
COFORGE-EQ,11543,NSE
WESTLIFE-EQ,11580,NSE
774WB39-SG,11607,NSE
PHANTOMFX-SM,11612,NSE
KOTARISUG-EQ,11647,NSE
784AS32-SG,11679,NSE
787RJ40-SG,11701,NSE
784TS39-SG,11767,NSE
784TS40-SG,11768,NSE
GODFRYPHLP-EQ,1181,NSE
783BR32-SG,11882,NSE
KANSAINER-EQ,1196,NSE
BIKAJI-EQ,11966,NSE
768KA31-SG,11978,NSE
PRAXIS-EQ,1204,NSE
HTMEDIA-EQ,11979,NSE
IMPAL-EQ,12009,NSE
HDFCNIFIT-EQ,12101,NSE
BBTCL-EQ,12153,NSE
657GA30-SG,1237,NSE
664AS30-SG,1246,NSE
GUJALKALI-EQ,1267,NSE
75AP28-SG,12660,NSE
762PN32-SG,12673,NSE
ROUTE-EQ,128,NSE
NPBET-EQ,12978,NSE
754KA41-SG,13050,NSE
UNIPARTS-EQ,13057,NSE
ALLETEC-ST,13212,NSE
SADBHAV-EQ,13236,NSE
HCL-INSYS-EQ,1327,NSE
758HR30-SG,13241,NSE
764BR32-SG,13242,NSE
AFSL-EQ,13288,NSE
762GA32A-SG,13373,NSE
UTTAMSUGAR-EQ,13376,NSE
767WB41-SG,13401,NSE
645GS2029-GS,13472,NSE
MUNJALAU-EQ,13511,NSE
ATLANTAA-EQ,13585,NSE
762TN33-SG,13602,NSE
BILVYAPAR-BE,13622,NSE
NRL-BE,13680,NSE
NAUKRI-EQ,13751,NSE
SHIVAMAUTO-BE,13757,NSE
668JH32-SG,1376,NSE
880IREDA29-N5,1391,NSE
755TS30-SG,13770,NSE
77HP36-SG,13896,NSE
HBLENGINE-EQ,13966,NSE
771AP36-SG,13972,NSE
SAGCEM-EQ,14068,NSE
764UP36-SG,14109,NSE
772BR33-SG,14161,NSE
762MP34-SG,14163,NSE
77AP30-SG,14268,NSE
VIYASH-EQ,14296,NSE
TTL-EQ,14314,NSE
777AP40-SG,14341,NSE
769MP43-SG,14352,NSE
SRIVASAVI-ST,14416,NSE
775UP38-SG,14442,NSE
593CG26-SG,1449,NSE
769NHAI31-NE,14529,NSE
766KL50-SG,14563,NSE
PSUBNKIETF-EQ,14584,NSE
GSLSU-EQ,14599,NSE
774RJ40-SG,14654,NSE
INSECTICID-EQ,14657,NSE
KMSUGAR-EQ,14667,NSE
HFMPM23DGR-MF,14726,NSE
051NSETEST-EQ,14758,NSE
091NSETEST-EQ,14769,NSE
REPL-BE,1486,NSE
776UK33-SG,14820,NSE
WSI-EQ,14828,NSE
IFCI-EQ,1491,NSE
76AP29-SG,14954,NSE
CCCL-EQ,14992,NSE
758NL33-SG,15021,NSE
ASCOM-ST,15030,NSE
PSUBNKBEES-EQ,15032,NSE
AVALON-EQ,15058,NSE
BLAL-EQ,15067,NSE
MOGSEC-EQ,1507,NSE
762PN38-SG,15100,NSE
735IRFC31-NM,15112,NSE
652KA30-SG,1522,NSE
1003SFIL28-NX,15249,NSE
66ML30-SG,1528,NSE
IRB-EQ,15313,NSE
745UP33-SG,15314,NSE
QGOLDHALF-EQ,15330,NSE
RACE-EQ,15391,NSE
DPSCLTD-BE,15423,NSE
738AP40-SG,15572,NSE
737AS33-SG,15750,NSE
734AS33-SG,16019,NSE
KRISHCA-SM,16133,NSE
REMUS-SM,16154,NSE
PAVNAIND-EQ,16192,NSE
732MH32-SG,16227,NSE
INFOLLION-SM,16588,NSE
DIGISPICE-EQ,16683,NSE
GOKUL-EQ,16705,NSE
MKPL-EQ,16736,NSE
735TN33-SG,16796,NSE
735TN43-SG,16814,NSE
IKIO-EQ,16822,NSE
20MICRONS-EQ,16921,NSE
735AP40-SG,16935,NSE
CELLPOINT-SM,16950,NSE
738GJ30A-SG,16973,NSE
742ML32-SG,16977,NSE
739TS51-SG,16997,NSE
THYROCARE-EQ,17032,NSE
HMAAGRO-EQ,17053,NSE
GREENCHEF-SM,17092,NSE
747TS41-SG,17103,NSE
91SFL27-ZI,17172,NSE
JAYSREETEA-EQ,1720,NSE
SYNOPTICS-ST,17206,NSE
734TS44-SG,17328,NSE
74UP33-SG,17453,NSE
743AP35-SG,17457,NSE
736RJ41-SG,17460,NSE
CONTROLPR-EQ,17477,NSE
MOLDTECH-BE,17629,NSE
UNIVPHOTO-BE,17661,NSE
SGBFEB28IX-GB,17664,NSE
743TN53-SG,17671,NSE
SHRITECH-SM,17684,NSE
ASTEC-EQ,17728,NSE
YATHARTH-EQ,17738,NSE
NIITMTS-EQ,17747,NSE
ATL-EQ,17778,NSE
DLINKINDIA-EQ,17851,NSE
LLOYDSENGG-EQ,17801,NSE
743PN48A-SG,17841,NSE
REDTAPE-EQ,17859,NSE
CIFC26A-N9,17952,NSE
CIFC28-NB,17964,NSE
66RJ30-SG,18,NSE
AWHCL-EQ,1797,NSE
PGIMCSA3D-MF,17993,NSE
PGIMCSR4D-MF,17998,NSE
GATECH-BE,18018,NSE
749PN37-SG,18088,NSE
BPF02RMR-MF,18162,NSE
BPF01QDD-MF,18172,NSE
749BR31-SG,18204,NSE
KAMATHOTEL-EQ,1826,NSE
749GA33-SG,18209,NSE
KECL-EQ,18220,NSE
74WB42-SG,18283,NSE
658GA31-SG,1830,NSE
663MN31-SG,1833,NSE
IVZINGOLD-EQ,18292,NSE
74KL41-SG,18336,NSE
74RJ41-SG,18337,NSE
744RJ36-SG,18408,NSE
BASILIC-SM,18442,NSE
TVVISION-BE,18508,NSE
PRAMARA-SM,18514,NSE
DIACABS-BE,18545,NSE
UNIHEALTH-SM,18582,NSE
ZAGGLE-EQ,18608,NSE
9SCL26B-ND,18634,NSE
744AP36-SG,18681,NSE
749BR31A-SG,18691,NSE
KODYTECH-ST,18754,NSE
KSL-EQ,18889,NSE
743RJ49-SG,18916,NSE
752BR31-SG,18933,NSE
KINGFA-EQ,18944,NSE
CUMMINSIND-EQ,1901,NSE
749GA33A-SG,18945,NSE
749PN35-SG,18993,NSE
SGBJUN28-GB,19078,NSE
UMESLTD-EQ,19142,NSE
749TS44-SG,19177,NSE
VINYAS-SM,19206,NSE
HMVL-BE,19215,NSE
WEALTH-EQ,1923,NSE
LIQUIDETF-EQ,1927,NSE
VALIANTLAB-EQ,19218,NSE
661WB36-SG,1947,NSE
775SK33A-SG,19483,NSE
764KA32-SG,19523,NSE
UGARSUGAR-EQ,19578,NSE
BSE-EQ,19585,NSE
766TN43-SG,19622,NSE
ITETF-EQ,19633,NSE
ALPHAETF-EQ,19640,NSE
MAXESTATES-EQ,19646,NSE
KALYANI-BE,19653,NSE
COMPINFO-BZ,19670,NSE
777PN33-SG,19720,NSE
773KA35-SG,19721,NSE
776AP37-SG,19726,NSE
776MP37-SG,19727,NSE
746GS2073-GS,19808,NSE
RADIOCITY-EQ,19877,NSE
772UP34-SG,19900,NSE
EGOLD-EQ,19933,NSE
901HUDCO34-NE,19970,NSE
830PFCL27-N5,20022,NSE
711HP28-SG,20041,NSE
891IIFCL34-N4,20058,NSE
CPCAP-EQ,20086,NSE
SCLZC26E-NP,20088,NSE
971SCL28A-NT,20106,NSE
1003SCL30A-NV,20116,NSE
965SCL25F-NZ,20130,NSE
732GS2030-GS,20136,NSE
69GA30-SG,20148,NSE
69KA30-SG,20154,NSE
773UP34-SG,20179,NSE
773TS40-SG,20189,NSE
769AP42-SG,20190,NSE
77UP35-SG,20221,NSE
767KA36-SG,20222,NSE
664UP31-SG,2024,NSE
ESILVER-EQ,20257,NSE
ROCKINGDCE-SM,20289,NSE
GANDHAR-EQ,20303,NSE
774CG31-SG,20342,NSE
772KA35-SG,20396,NSE
781MZ37-SG,20400,NSE
SHEETAL-SM,20415,NSE
CHENNPETRO-EQ,2049,NSE
APCL-EQ,20453,NSE
AVATAR-ST,20503,NSE
BAJEL-EQ,20531,NSE
HOMEFIRST-EQ,2056,NSE
INDIASHLTR-EQ,20556,NSE
DOLLAR-EQ,20560,NSE
JINDWORLD-EQ,20642,NSE
65AP30-SG,20654,NSE
87LTF27-NH,20691,NSE
718GJ30-SG,20696,NSE
755GJ31-SG,20724,NSE
VTL-EQ,2073,NSE
76KA38-SG,20740,NSE
957ISFL26-N2,20769,NSE
80409TCH27-NC,20786,NSE
689AP35-SG,2086,NSE
717HP30-SG,20846,NSE
715AP36-SG,20919,NSE
654AP30-SG,20923,NSE
758GJ32-SG,20927,NSE
767RJ33-SG,20942,NSE
767HR35-SG,20944,NSE
72AS29-SG,20960,NSE
685TN51-SG,2097,NSE
VSCL-SM,20973,NSE
INDIGRID-IV,20988,NSE
980SCL33D-YG,21024,NSE
MANGLMCEM-EQ,2106,NSE
INDIFRA-SM,21058,NSE
774AP32A-SG,21153,NSE
774RJ34-SG,21156,NSE
9TCAP28-N9,21221,NSE
DIGIDRIVE-EQ,21247,NSE
753AS29-SG,21259,NSE
773MH36-SG,21273,NSE
774KA36-SG,21274,NSE
778PY36-SG,21277,NSE
JYOTICNC-EQ,21334,NSE
STEELXIND-EQ,21339,NSE
757NHB31-N8,21394,NSE
AVADHSUGAR-EQ,21406,NSE
656MH32-SG,1000,NSE
679AP34-SG,1004,NSE
679PN35-SG,1007,NSE
SFMP6DR-MF,10052,NSE
SCHAEFFLER-EQ,1011,NSE
68TS50-SG,1018,NSE
753AS27-SG,10195,NSE
ADANIENSOL-EQ,10217,NSE
FEDERALBNK-EQ,1023,NSE
EMKAYTOOLS-SM,10253,NSE
SGBJUN27-GB,10261,NSE
AYMSYNTEX-EQ,10285,NSE
AURUM-EQ,10310,NSE
792AP41-SG,10337,NSE
787TN33-SG,10338,NSE
RADHIKAJWE-EQ,10343,NSE
795TS35-SG,10382,NSE
BNKETFAXIS-EQ,1044,NSE
STEELCITY-EQ,10406,NSE
DYCL-EQ,10417,NSE
782SK32-SG,10470,NSE
797HR42-SG,10479,NSE
797RJ42-SG,10480,NSE
AGNI-SM,10491,NSE
757HP31-SG,10526,NSE
772AP34-SG,10527,NSE
767NL32-SG,10541,NSE
764TN32-SG,10544,NSE
782PN42-SG,10558,NSE
MARKSANS-EQ,10579,NSE
BHARTIARTL-EQ,10604,NSE
USASEEDS-SM,10610,NSE
HDFCNIF100-EQ,10633,NSE
795HR37-SG,10640,NSE
VEEKAYEM-SM,10710,NSE
SPORTKING-EQ,10733,NSE
659HR30-SG,1077,NSE
OFSS-EQ,10738,NSE
CANBK-EQ,10794,NSE
771AP39-SG,10847,NSE
AMEYA-SM,10898,NSE
753BR32-SG,10923,NSE
745AP40-SG,10962,NSE
746TS49-SG,10965,NSE
INFOBEAN-EQ,11027,NSE
STCINDIA-EQ,10948,NSE
SANGINITA-BE,11033,NSE
SATIA-EQ,11045,NSE
KSOLVES-EQ,11060,NSE
AGRITECH-EQ,11072,NSE
DANGEE-EQ,1110,NSE
SGBJUL27-GB,11154,NSE
CNL-EQ,11155,NSE
GHCL-EQ,1127,NSE
NSIL-EQ,11239,NSE
JAIBALAJI-EQ,11256,NSE
762MH30A-SG,11277,NSE
775GJ32-SG,11400,NSE
778MZ32-SG,11401,NSE
774AP42-SG,11417,NSE
KRITINUT-EQ,11432,NSE
NV20-EQ,11457,NSE
785AS32A-SG,11505,NSE
785SK32-SG,11509,NSE
GLFL-EQ,1156,NSE
HDFCMOMENT-EQ,11538,NSE
GULFPETRO-BE,11584,NSE
GUFICBIO-EQ,11606,NSE
JBMA-EQ,11655,NSE
79NHIT35-N1,11658,NSE
GNFC-EQ,1174,NSE
INDOCO-EQ,11677,NSE
781HR32C-SG,11690,NSE
XCHANGING-EQ,11705,NSE
782AS32A-SG,11764,NSE
GLAND-EQ,1186,NSE
915SCL27A-ZL,11854,NSE
JSWHL-EQ,11880,NSE
MANINDS-EQ,11884,NSE
FMGOETZE-EQ,1190,NSE
786JH34-SG,11885,NSE
NECLIFE-BE,11930,NSE
FUSION-EQ,11932,NSE
765PN42-SG,11981,NSE
767KA32-SG,11984,NSE
ACI-EQ,12024,NSE
RENUKA-EQ,12026,NSE
HNDFDS-EQ,12173,NSE
INOXGREEN-BE,12193,NSE
65GJ30A-SG,1233,NSE
ZIMLAB-BE,12412,NSE
CAGL27A-N6,12471,NSE
SWSOLAR-EQ,12489,NSE
FINIETF-EQ,12578,NSE
OSIAHYPER-BE,12643,NSE
755AP29-SG,12661,NSE
762GA32-SG,12678,NSE
763PN39-SG,12706,NSE
EKC-EQ,13091,NSE
QUICKHEAL-BE,13131,NSE
751HR29-SG,13122,NSE
GALAXYSURF-EQ,1315,NSE
CELEBRITY-EQ,13162,NSE
ROHLTD-EQ,13182,NSE
SGBSEP27-GB,13209,NSE
763HR32-SG,13244,NSE
RCOM-BE,13188,NSE
SULA-EQ,13218,NSE
MARINE-EQ,1328,NSE
INDOTECH-EQ,13275,NSE
MALUPAPER-EQ,13352,NSE
761RJ32-SG,13377,NSE
SDBL-EQ,1338,NSE
767TS35-SG,13389,NSE
767WB39-SG,13399,NSE
PFOCUS-EQ,13496,NSE
PARAMPARA-SM,1353,NSE
GRINDWELL-EQ,13560,NSE
IRCTC-EQ,13611,NSE
JMFINANCIL-EQ,13637,NSE
763HR33-SG,13627,NSE
AERONEU-EQ,13689,NSE
FIEMIND-EQ,13710,NSE
VGL-EQ,13771,NSE
669KA37-SG,1379,NSE
855IREDA29-N2,1380,NSE
755JK38-SG,13779,NSE
880IREDA34-N6,1393,NSE
SUTLEJTEX-BE,13804,NSE
766TS44-SG,13995,NSE
985SFIL28-NO,14038,NSE
764TS33-SG,14097,NSE
766BR33-SG,14098,NSE
768GJ30-SG,14156,NSE
NSLNISP-EQ,14180,NSE
TIMKEN-EQ,14198,NSE
HUBTOWN-EQ,14203,NSE
AGARWALFT-SM,14263,NSE
766GJ30-SG,14269,NSE
768BR33-SG,14271,NSE
SMSPHARMA-EQ,14329,NSE
77AP28-SG,14359,NSE
774AP32-SG,14373,NSE
UTIRGR36P1-MF,14399,NSE
HLVLTD-EQ,1448,NSE
WEBELSOLAR-EQ,14602,NSE
QFIL-SM,14613,NSE
772HR32-SG,14638,NSE
779JK35-SG,14650,NSE
JSWDULUX-EQ,1467,NSE
774PN39-SG,14653,NSE
041NSETEST-EQ,14755,NSE
V2RETAIL-EQ,14766,NSE
121NSETEST-EQ,14777,NSE
LOWVOL-EQ,14786,NSE
773MH32-SG,14819,NSE
778RJ33-SG,14824,NSE
785WB42-SG,14849,NSE
SGBSEP28VI-GB,149,NSE
SAHYADRI-EQ,14900,NSE
CIEINDIA-EQ,14937,NSE
GSEC10YEAR-EQ,14938,NSE
710GR2028-GS,14971,NSE
729GR2033-GS,14973,NSE
BAJAJELEC-EQ,15034,NSE
CERA-EQ,15039,NSE
DELTACORP-EQ,15044,NSE
KIRLPNU-EQ,15180,NSE
739HR29-SG,15256,NSE
747AP37-SG,15267,NSE
ONMOBILE-BE,15282,NSE
BANG-EQ,15303,NSE
NMDC-EQ,15332,NSE
840CIFCL28-N4,15374,NSE
TITAGARH-EQ,15414,NSE
SGBDC27VII-GB,15432,NSE
734AP29-SG,15475,NSE
733TN33-SG,15749,NSE
APOLLOHOSP-EQ,157,NSE
74AP31-SG,15477,NSE
LINDEINDIA-EQ,1627,NSE
BECTORFOOD-EQ,1628,NSE
CCAVENUE-EQ,16249,NSE
IPCALAB-EQ,1633,NSE
66AS30A-SG,1645,NSE
736HR33-SG,16364,NSE
658GA30A-SG,1646,NSE
718GJ28-SG,16651,NSE
739TS39-SG,16652,NSE
733AP43-SG,16654,NSE
SIGMA-EQ,16658,NSE
RPGLIFE-EQ,16725,NSE
GVT&D-EQ,16783,NSE
736GA33-SG,16797,NSE
741UP34-SG,16803,NSE
736TS41-SG,16809,NSE
SINDHUTRAD-EQ,16859,NSE
83TCHF28-N9,16872,NSE
SICAGEN-EQ,16875,NSE
739TN33A-SG,16928,NSE
VILINBIO-SM,16954,NSE
ALKALI-BE,16963,NSE
74MH31-SG,16975,NSE
PATANJALI-EQ,17029,NSE
588CG26-SG,1703,NSE
9IIFL28-Y0,17041,NSE
752AP39-SG,17102,NSE
743PN48-SG,17114,NSE
AARTECH-BE,17164,NSE
743AP42-SG,17251,NSE
738GA33-SG,17324,NSE
GKWLIMITED-EQ,17357,NSE
GLOBUSSPR-EQ,17424,NSE
OIL-EQ,17438,NSE
739TN33B-SG,17454,NSE
736TN43-SG,17463,NSE
EXPLEOSOL-EQ,17486,NSE
SETCO-BE,17518,NSE
MGL-EQ,17534,NSE
AMRUTANJAN-EQ,17547,NSE
SARDAEN-EQ,17758,NSE
QUAL30IETF-EQ,17808,NSE
JSWENERGY-EQ,17869,NSE
GEEKAYWIRE-EQ,17922,NSE
925IHFL25E-N8,17940,NSE
SBICARD-EQ,17971,NSE
BPF02D1R-MF,18005,NSE
BPF02IMR-MF,18066,NSE
747KL39-SG,18097,NSE
NIFTY1-EQ,18102,NSE
HATHWAY-EQ,18154,NSE
BPF01D2G-MF,18166,NSE
BPF01GPG-MF,18169,NSE
BPF01MDD-MF,18170,NSE
IF3DPD-MF,18174,NSE
IFD3GPD-MF,18177,NSE
FICRFD3DPD-MF,18180,NSE
FISTIPD3WD-MF,18201,NSE
747AS28-SG,18203,NSE
747KL37-SG,18215,NSE
746AP38-SG,18216,NSE
CLSL-SM,18260,NSE
HNGSNGBEES-EQ,18284,NSE
745AP34-SG,18332,NSE
745BR31-SG,18320,NSE
741WB39-SG,18334,NSE
747AS33-SG,18401,NSE
747UK33-SG,18402,NSE
742HP38-SG,18409,NSE
744TS45-SG,18538,NSE
915SCL26-NE,18636,NSE
9SCL26BA-NA,18628,NSE
664TS51-SG,1872,NSE
AVSL-ST,18693,NSE
745HR33-SG,18694,NSE
965SCL28C-BR,18856,NSE
579GS2030-GS,18857,NSE
VERTOZ-BE,18865,NSE
745RJ44-SG,18911,NSE
664MZ32-SG,1899,NSE
RAJRATAN-EQ,18962,NSE
745MP44-SG,18912,NSE
746MP38A-SG,18994,NSE
10IIFL29-N6,19045,NSE
DIGIKORE-SM,19138,NSE
762BR31-SG,19181,NSE
IMFA-EQ,19235,NSE
663ML31-SG,1940,NSE
ITDC-EQ,19299,NSE
661MP37-SG,1953,NSE
TICL-BE,19503,NSE
756JK53-SG,19521,NSE
BAJAJCON-EQ,19531,NSE
737GS2028-GS,19566,NSE
WOMANCART-SM,19627,NSE
JITFINFRA-EQ,19691,NSE
77RJ43-SG,19732,NSE
766KL46-SG,19737,NSE
773CG31-SG,19746,NSE
778BR31-SG,19747,NSE
SHANTHALA-SM,19752,NSE
PARAGON-SM,19779,NSE
MASFIN-EQ,199,NSE
MUFIN-EQ,19783,NSE
772HR35-SG,19901,NSE
765TN30-SG,19908,NSE
863IRFC29-NC,1991,NSE
772RJ33-SG,19912,NSE
769HUDCO31-N9,19930,NSE
925SCL25G-NY,20125,NSE
77MH34A-SG,20173,NSE
774HP38-SG,20184,NSE
WABAG-EQ,20188,NSE
76JK53A-SG,20197,NSE
SUNREST-SM,20213,NSE
658AP30-SG,20280,NSE
TATATECH-EQ,20293,NSE
709KA30-SG,20313,NSE
NRAIL-EQ,20314,NSE
CGCL-EQ,20329,NSE
771HR33-SG,20344,NSE
775UP33-SG,20349,NSE
771WB43-SG,20363,NSE
UNIDT-BE,204,NSE
RAMCOCEM-EQ,2043,NSE
765GJ29A-SG,20368,NSE
INDIGOPNTS-EQ,2048,NSE
724GR2033-GS,20448,NSE
767TN30-SG,20470,NSE
772KA35A-SG,20477,NSE
77AP38-SG,20482,NSE
635AP27-SG,20572,NSE
810ABHF28-N0,20586,NSE
813ABHF28-N3,20595,NSE
847TPL26-N1,20614,NSE
763GA33-SG,20733,NSE
699JK31-SG,2074,NSE
885MFL28-NI,20751,NSE
771HDFCB33-N0,20753,NSE
BHAGYANGR-EQ,20776,NSE
MOTISONS-EQ,20788,NSE
HAPPYFORGE-EQ,20854,NSE
702AP30-SG,20863,NSE
767GA33A-SG,20937,NSE
948SCL26B-Y8,21000,NSE
875SCL23A-YI,21028,NSE
780AP33-SG,21050,NSE
SHEKHAWATI-EQ,21095,NSE
AKANKSHA-SM,21121,NSE
773KA35A-SG,21163,NSE
773BR39-SG,21167,NSE
697RJ51-SG,2150,NSE
SUMMITSEC-EQ,21275,NSE
772KA37-SG,21281,NSE
647GJ30-SG,21422,NSE
ARE&M-EQ,100,NSE
SFMP6GR-MF,10060,NSE
EMAMIPAP-BE,10084,NSE
781TN52-SG,10190,NSE
785AS32-SG,10197,NSE
793AP33-SG,10203,NSE
MANORAMA-EQ,10227,NSE
CONFIPET-EQ,10238,NSE
789TS34-SG,10334,NSE
DGCONTENT-EQ,10346,NSE
CSLFINANCE-EQ,10350,NSE
801WB41-SG,10393,NSE
777GJ32-SG,10459,NSE
78TN32A-SG,10460,NSE
RAMRAT-EQ,10485,NSE
NIFTYBETA-EQ,10511,NSE
785KL35-SG,10532,NSE
765RJ32-SG,10543,NSE
KRBL-EQ,10577,NSE
TCI-EQ,10580,NSE
PNB-EQ,10666,NSE
SURANAT&P-EQ,10700,NSE
661RJ30-SG,1083,NSE
VERTIS-IV,10757,NSE
765AS32-SG,10765,NSE
771AP42-SG,10846,NSE
747TS31-SG,10904,NSE
758PN42-SG,10907,NSE
GODREJIND-EQ,10925,NSE
746MP32-SG,10957,NSE
TAPIFRUIT-SM,10986,NSE
755AS32-SG,11095,NSE
757JK34-SG,11096,NSE
758GA37A-SG,11097,NSE
756TS40-SG,11160,NSE
756WB42-SG,11161,NSE
IDFCFIRSTB-EQ,11184,NSE
MAKS-SM,11218,NSE
IGL-EQ,11262,NSE
APOLLO-EQ,1134,NSE
764MH32-SG,11285,NSE
LICNETFN50-EQ,11319,NSE
PTC-EQ,11355,NSE
TTKHLTCARE-EQ,11369,NSE
781UP32-SG,11408,NSE
784TS34-SG,11409,NSE
782AP35-SG,11412,NSE
FROG-ST,11504,NSE
EXCELINDUS-EQ,11471,NSE
CENTEXT-EQ,11511,NSE
TRACXN-EQ,11582,NSE
741GJ26-SG,11588,NSE
NEWGEN-EQ,1164,NSE
HDFCNIFTY-EQ,11591,NSE
774GA32-SG,11597,NSE
LALPATHLAB-EQ,11654,NSE
785BR32A-SG,11682,NSE
795WB39-SG,11700,NSE
783TN42-SG,11704,NSE
753IRFC30-NJ,11754,NSE
JPPOWER-EQ,11763,NSE
757GJ26-SG,11866,NSE
GRANULES-EQ,11872,NSE
SPLIL-EQ,11935,NSE
MCLEODRUSS-EQ,11943,NSE
FCSSOFT-EQ,11999,NSE
FAZE3Q-EQ,12000,NSE
HDFCPVTBAN-EQ,12108,NSE
66HP30-SG,1221,NSE
652MH30-SG,1236,NSE
GSFC-EQ,1247,NSE
PRECAM-EQ,12603,NSE
763KA37-SG,12692,NSE
763KL43-SG,12726,NSE
G1NSETEST-EQ,12842,NSE
GFLLIMITED-EQ,1289,NSE
ABB-EQ,13,NSE
GSEC10IETF-EQ,13143,NSE
JAGRAN-EQ,13211,NSE
768KA34-SG,13254,NSE
VISACHROME-BE,13298,NSE
UMA-SM,13349,NSE
KKCL-EQ,13381,NSE
77JK37-SG,13392,NSE
BALPHARMA-EQ,13441,NSE
KAMDHENU-BE,13461,NSE
JKLAKSHMI-EQ,13491,NSE
ANDHRSUGAR-EQ,136,NSE
HIMATSEIDE-EQ,1360,NSE
HINDALCO-EQ,1363,NSE
ANLON-SM,13657,NSE
754AP29-SG,13712,NSE
763TS36-SG,13718,NSE
DCBBANK-EQ,13725,NSE
CMNL-SM,13731,NSE
MANOMAY-EQ,13753,NSE
GESHIP-EQ,13776,NSE
LTFOODS-EQ,13816,NSE
RUCHIRA-EQ,13821,NSE
SOBHA-EQ,13826,NSE
CLCIND-BE,13846,NSE
9IIFL28A-NT,13854,NSE
767AS33-SG,13877,NSE
HIRECT-EQ,13890,NSE
769UP35-SG,13891,NSE
77MN35-SG,13892,NSE
762TN43-SG,13908,NSE
PLASTIBLEN-EQ,13920,NSE
PARACABLES-EQ,13951,NSE
773RJ38-SG,13979,NSE
JASH-EQ,13982,NSE
771WB39-SG,13991,NSE
765KL48-SG,13996,NSE
ZEEMEDIA-EQ,14003,NSE
HINDOILEXP-EQ,1403,NSE
763JH30-SG,14087,NSE
767UK33-SG,14102,NSE
756RJ48-SG,14113,NSE
GANDHITUBE-EQ,14116,NSE
AGI-EQ,1412,NSE
PITTIENG-EQ,14134,NSE
HDFCBSE500-EQ,14230,NSE
HINDZINC-EQ,1424,NSE
668MZ31-SG,1430,NSE
HSCL-EQ,14334,NSE
HDFC2638DQ-MF,14336,NSE
769AP43-SG,14351,NSE
APOLLOPIPE-EQ,14361,NSE
GODREJAGRO-EQ,144,NSE
769RJ39-SG,14380,NSE
769PN39-SG,14381,NSE
POCL-EQ,14385,NSE
RAJTV-EQ,14403,NSE
LAOPALA-EQ,14423,NSE
771BR33-SG,14431,NSE
JKTYRE-EQ,14435,NSE
779WB42-SG,14447,NSE
NAHARPOLY-EQ,14445,NSE
777MP43-SG,14451,NSE
671TS40-SG,1446,NSE
772TS46-SG,14452,NSE
LEXUS-EQ,14459,NSE
KIRLFER-EQ,14466,NSE
655GA30A-SG,1454,NSE
DIVGIITTS-EQ,14479,NSE
772GJ35-SG,14553,NSE
ALPHAGEO-EQ,14597,NSE
778TS34-SG,14647,NSE
778UP36-SG,14651,NSE
773GJ36-SG,14652,NSE
774RJ49-SG,14663,NSE
NAVINFLUOR-EQ,14672,NSE
ACCURACY-BE,1472,NSE
IDBI-EQ,1476,NSE
NIRMAN-SM,14722,NSE
HFMPM23DND-MF,14731,NSE
081NSETEST-EQ,14767,NSE
TARMAT-EQ,14771,NSE
749GJ28-SG,14812,NSE
779UP33-SG,14829,NSE
78JK35-SG,14834,NSE
776KL51-SG,14855,NSE
GOLD1-EQ,14858,NSE
776TN53-SG,14860,NSE
RBA-EQ,1494,NSE
SHIVAMILLS-EQ,1497,NSE
LAL-EQ,14924,NSE
PSUBANK-EQ,15061,NSE
MADHAV-EQ,15151,NSE
ECLERX-EQ,15179,NSE
BURNPUR-BE,15198,NSE
PATINTLOG-BE,15223,NSE
BIRLAMONEY-EQ,15239,NSE
CEATLTD-EQ,15254,NSE
668WB35-SG,1532,NSE
RPOWER-EQ,15259,NSE
QUICKTOUCH-SM,15285,NSE
GSS-EQ,15347,NSE
737AP43-SG,15578,NSE
RVHL-EQ,1565,NSE
LATTEYS-BE,15848,NSE
716HR27-SG,15966,NSE
72MH28-SG,15971,NSE
733NL33-SG,16035,NSE
735HR33-SG,16064,NSE
743MZ36-SG,16261,NSE
736ML32-SG,16289,NSE
68AS30-SG,164,NSE
736RJ33-SG,16346,NSE
732KL53-SG,16398,NSE
66UP30A-SG,1649,NSE
663KA34-SG,1651,NSE
734RJ33A-SG,16646,NSE
733AP33-SG,16647,NSE
737JK38-SG,16650,NSE
729TN53-SG,16656,NSE
722GJ28-SG,16781,NSE
735MH32-SG,16785,NSE
736HR33A-SG,16801,NSE
741PN34-SG,16804,NSE
735TS45-SG,16815,NSE
81TCHF28-N8,16870,NSE
TCHF30-NB,16894,NSE
DPWIRES-BE,16902,NSE
ZFCVINDIA-EQ,16915,NSE
INDBANK-EQ,16933,NSE
74HR33-SG,16979,NSE
COUNCODOS-BE,16989,NSE
MAWANASUG-EQ,17022,NSE
865IFL28-NZ,17039,NSE
SGBJ28VIII-GB,17110,NSE
745TN43-SG,17112,NSE
743RJ48-SG,17113,NSE
744ML31-SG,17116,NSE
IDEAFORGE-EQ,17140,NSE
GLOBALPET-ST,17170,NSE
SGBJUN31I-GB,17202,NSE
ALBERTDAVD-EQ,17256,NSE
665AP36-SG,1739,NSE
74BR30-SG,17446,NSE
665AP40-SG,1745,NSE
NV20IETF-EQ,17475,NSE
893NHB29-N6,1765,NSE
YCCL-SM,17627,NSE
ZYDUSWELL-EQ,17635,NSE
890NHB34-N7,1767,NSE
POKARNA-EQ,17651,NSE
MIDSELIETF-EQ,17702,NSE
KANPRPLA-EQ,1782,NSE
BAYERCROP-EQ,17927,NSE
84CIFCL28-NA,17958,NSE
NESTLEIND-EQ,17963,NSE
BPF02D3D-MF,18007,NSE
VLEGOV-BE,18021,NSE
SETUINFRA-BZ,18024,NSE
MBLINFRA-EQ,18029,NSE
MINDTECK-EQ,18049,NSE
75BR31-SG,18080,NSE
75UP35-SG,18085,NSE
745JK53-SG,18105,NSE
VASCONEQ-EQ,18110,NSE
DOLPHIN-EQ,18139,NSE
EMMBI-BE,18146,NSE
JIOFIN-EQ,18143,NSE
BPF02RMD-MF,18161,NSE
HFMPCC50RD-MF,18186,NSE
LORDSCHLO-EQ,18232,NSE
HDFCLIQUID-EQ,18279,NSE
LGBBROSLTD-EQ,18321,NSE
VPRPL-EQ,18341,NSE
66UP31-SG,1842,NSE
744AP40-SG,18411,NSE
RISHABH-EQ,18417,NSE
678MH32-SG,185,NSE
POWERINDIA-EQ,18457,NSE
SAROJA-SM,18506,NSE
JLHL-EQ,18553,NSE
MITTAL-EQ,18562,NSE
JIWANRAM-SM,18558,NSE
SAMHI-EQ,18614,NSE
665AP41-SG,1871,NSE
74GJ27-SG,18688,NSE
VISDEM-SM,18708,NSE
MADHUSUDAN-ST,18738,NSE
SIGNATURE-EQ,18743,NSE
YATRA-EQ,18760,NSE
IDFNIFTYET-EQ,18783,NSE
745GJ31-SG,18938,NSE
748HR35-SG,18954,NSE
MVGJL-EQ,19015,NSE
UDS-EQ,19113,NSE
767PN35-SG,19167,NSE
751MP38-SG,19169,NSE
754CG31-SG,19180,NSE
755TS32-SG,19185,NSE
KONTOR-SM,19287,NSE
SGBSEP31II-GB,19456,NSE
762TN53-SG,19488,NSE
COMMITTED-ST,19516,NSE
764WB43-SG,19520,NSE
765TS39-SG,19550,NSE
773MN35-SG,19611,NSE
TRENT-EQ,1964,NSE
768TN30-SG,19614,NSE
772TN33-SG,19618,NSE
76JK53-SG,19623,NSE
HMT-BZ,19698,NSE
773RJ33-SG,19716,NSE
LMW-EQ,1979,NSE
767TS45-SG,19733,NSE
888SCL25D-NC,19774,NSE
WELINV-BE,19804,NSE
774AS33-SG,19892,NSE
773BR38-SG,19904,NSE
779WB40-SG,19905,NSE
DEEPAKNTR-EQ,19943,NSE
736PFCL28-N2,19974,NSE
892PFCL33-N8,20028,NSE
740IIFCL33-N1,20052,NSE
866IIFC34B-N3,20056,NSE
948SCL26A-NN,20075,NSE
1015SCL28-NR,20102,NSE
925SCL28A-NS,20104,NSE
BABAFP-SM,20141,NSE
719AP34-SG,20147,NSE
773UP35-SG,20180,NSE
ASHOKA-EQ,20182,NSE
BEDMUTHA-EQ,20196,NSE
JWL-EQ,20224,NSE
768TS37-SG,20225,NSE
M&M-EQ,2031,NSE
77BR38-SG,20226,NSE
756JK48-SG,20230,NSE
718AS29-SG,20311,NSE
773KA34-SG,20350,NSE
775UP34-SG,20351,NSE
776MP37A-SG,20357,NSE
779PN37-SG,20360,NSE
777MN38-SG,20361,NSE
771KL43-SG,20364,NSE
FLAIR-EQ,20372,NSE
769KA33A-SG,20392,NSE
778NL33-SG,20395,NSE
771AP37A-SG,20398,NSE
772WB37-SG,20399,NSE
CBAZAAR-ST,20409,NSE
IOLCP-EQ,20413,NSE
CIFCZC26-NF,20437,NSE
GRAPHISAD-SM,20454,NSE
77TS38-SG,20480,NSE
689BR28-SG,2065,NSE
720AR30-SG,20518,NSE
715GA30-SG,20546,NSE
690AP27-SG,20599,NSE
898LTF29-N7,20655,NSE
85LTF26-NM,20713,NSE
865LTF26-NN,20715,NSE
764KA39-SG,20744,NSE
688UP31-SG,2080,NSE
708KA31-SG,20797,NSE
MAHSCOOTER-EQ,2085,NSE
MOIL-EQ,20830,NSE
695HP33-SG,20859,NSE
699GA30-SG,20862,NSE
AZAD-EQ,20905,NSE
697KA30-SG,20912,NSE
672AP28-SG,20914,NSE
687AP37-SG,2096,NSE
648AP27-SG,20922,NSE
8AR30-SG,20963,NSE
940SCL26B-Y6,20986,NSE
664UP30-SG,21,NSE
965SCL28B-YB,21010,NSE
788GA30-SG,21047,NSE
835SCL23B-YM,21056,NSE
SUPREMEPWR-SM,21067,NSE
HRHNEXT-SM,21107,NSE
703HR40-SG,21236,NSE
705AP31-SG,21237,NSE
AUBANK-EQ,21238,NSE
LOWVOLIETF-EQ,21254,NSE
MDL-ST,2133,NSE
764GJ31-SG,21262,NSE
695RJ31-SG,2137,NSE
697WB36-SG,2149,NSE
767HP34-SG,21509,NSE
76TS47-SG,21547,NSE
66GJ29-SG,21650,NSE
723KA28-SG,21710,NSE
AKG-EQ,2176,NSE
775SIDBI27-N1,21741,NSE
697PN40-SG,21789,NSE
BOSCHLTD-EQ,2181,NSE
TSFINV-EQ,2183,NSE
DAVANGERE-EQ,21794,NSE
SBILIFE-EQ,21808,NSE
758TN54-SG,21841,NSE
763GJ34-SG,21858,NSE
767RJ34-SG,21863,NSE
673KL28-SG,21903,NSE
791KL30-SG,21904,NSE
718KL29-SG,21912,NSE
642MN30-SG,21919,NSE
793THDC34-N0,21463,NSE
OPTIEMUS-EQ,21469,NSE
764AP31-SG,21494,NSE
INDTERRAIN-EQ,21957,NSE
767AP38A-SG,21510,NSE
76TS43-SG,21542,NSE
76AP44-SG,21543,NSE
756TN54-SG,21548,NSE
724AP35-SG,21645,NSE
665PN50-SG,21716,NSE
73PN34-SG,21717,NSE
67PN30-SG,21719,NSE
692PN35-SG,21895,NSE
69MN30-SG,21926,NSE
612KA27-SG,21929,NSE
66MH31-SG,21937,NSE
658MP35-SG,21948,NSE
721MP34-SG,21977,NSE
ACC-EQ,22,NSE
SGBFEB29XI-GB,2200,NSE
698MP30-SG,21978,NSE
655RJ50-SG,22023,NSE
721PY28-SG,22024,NSE
73RJ30-SG,22066,NSE
703RJ30-SG,22076,NSE
793UP30-SG,22084,NSE
704UP30-SG,22085,NSE
686UP30-SG,22094,NSE
750TN29-SG,22107,NSE
66TN30-SG,22111,NSE
655TN30-SG,22114,NSE
708CG30-SG,22159,NSE
745UK30-SG,22165,NSE
706UK30-SG,22166,NSE
688UK30-SG,22168,NSE
69UK30-SG,22172,NSE
735WB30-SG,22177,NSE
655WB30-SG,22178,NSE
MODIRUBBER-EQ,2229,NSE
714KA29A-SG,22225,NSE
64KA31-SG,22266,NSE
577GS2030-GS,22292,NSE
652TS50-SG,22304,NSE
660AP40-SG,22333,NSE
644GJ29A-SG,22337,NSE
646JK30-SG,22303,NSE
ALPL30IETF-EQ,22344,NSE
669TS50-SG,22371,NSE
807NIIF39-N1,22416,NSE
645ML30-SG,22449,NSE
646RJ30A-SG,22450,NSE
MOREPENLAB-EQ,2259,NSE
NOVAAGRI-BE,22478,NSE
765CG33-SG,22494,NSE
BLSE-EQ,22566,NSE
749AP36-SG,22615,NSE
752AP43-SG,22624,NSE
769LIC34-N0,22633,NSE
PARKHOTELS-EQ,22649,NSE
JSFB-EQ,22663,NSE
745AP38-SG,22700,NSE
748WB43-SG,22703,NSE
748AP44-SG,22704,NSE
748WB44-SG,22705,NSE
744CG29-SG,22742,NSE
747CG31-SG,22744,NSE
744AP39A-SG,22754,NSE
810TCHFL27-ND,22768,NSE
TCL-SM,22777,NSE
759IREDA34-N0,22820,NSE
SMALLCAP-EQ,22832,NSE
BSLIQPIIDP-MF,22844,NSE
830TFSIL27-N2,22854,NSE
HAL-EQ,2303,NSE
742MP44-SG,22872,NSE
OWAIS-ST,22914,NSE
MUKKA-EQ,22980,NSE
950BCIPL28-N2,23034,NSE
SONAMAC-SM,23052,NSE
738HR35-SG,23087,NSE
739BR39-SG,23095,NSE
736TN54-SG,23105,NSE
755PFC27-NA,23109,NSE
MURUDCERA-EQ,2313,NSE
PVSL-EQ,23142,NSE
GFL27-N1,23151,NSE
746IRFC29-NS,23157,NSE
HEIDELBERG-EQ,2316,NSE
746CG32-SG,23190,NSE
747UK34-SG,23196,NSE
747GA34-SG,23198,NSE
745MH38-SG,23208,NSE
747JK44-SG,23215,NSE
950IIFL27-Y2,23242,NSE
773LIC34-N2,23248,NSE
0SCL27-YW,23299,NSE
1075SCFL34-Z6,23319,NSE
980SCL34-Z7,23321,NSE
752RJ44-SG,23333,NSE
748TS50-SG,23335,NSE
753KL50-SG,23336,NSE
75TN54-SG,23337,NSE
744TS36-SG,23427,NSE
748PN37-SG,23428,NSE
746AP42-SG,23433,NSE
746AP43A-SG,23434,NSE
TAC-ST,23441,NSE
975SCL27-Z9,23465,NSE
UEL-EQ,23507,NSE
723GS2039-GS,23518,NSE
75TN31-SG,23581,NSE
75AP32-SG,23582,NSE
749AP40-SG,23587,NSE
895MFL27-NM,23667,NSE
742AP44-SG,23681,NSE
897MOFSL29-N4,23706,NSE
745AP33A-SG,23754,NSE
742AP45-SG,23757,NSE
ABSLPSE-EQ,23806,NSE
708MH31-SG,2383,NSE
742RJ32-SG,23813,NSE
738AP44-SG,23818,NSE
HOACFOODS-ST,23826,NSE
734TN29-SG,23869,NSE
737RJ34B-SG,23872,NSE
738TN34-SG,23873,NSE
734KL55-SG,23876,NSE
NELCO-EQ,2388,NSE
734AP49-SG,23884,NSE
825SMFG27-N1,23898,NSE
704GS2029-GS,23919,NSE
722KA38-SG,2398,NSE
94SCL27-ZG,23942,NSE
971SCL29A-ZN,23958,NSE
1025SCL34A-ZT,23974,NSE
743HR34-SG,24005,NSE
BOROSCI-EQ,24014,NSE
TBI-SM,24019,NSE
NEULANDLAB-EQ,2406,NSE
75IREDA34-ND,24023,NSE
739TN32-SG,24054,NSE
UTFIAIPRPI-MF,24058,NSE
723GJ27-SG,24096,NSE
812SFL27-N2,24131,NSE
PIIND-EQ,24184,NSE
736MZ39-SG,24186,NSE
VADILALIND-EQ,24196,NSE
728JK54-SG,24205,NSE
SPCL-SM,24249,NSE
ABDL-EQ,24308,NSE
AAFS28-N0,24317,NSE
738PN33-SG,24331,NSE
736TS37-SG,24337,NSE
736AP41-SG,24338,NSE
736JK46-SG,24341,NSE
DHANUKA-EQ,24409,NSE
GGBL-SM,24439,NSE
739IRFC34-N0,24474,NSE
732TS36-SG,24487,NSE
733TS40-SG,24490,NSE
736WB40-SG,24569,NSE
734AP49A-SG,24660,NSE
734PN32-SG,24666,NSE
737IRFC29-N0,24672,NSE
ESPRIT-SM,24678,NSE
910CIFL31-N0,24682,NSE
RPEL-EQ,24735,NSE
722MH34-SG,24752,NSE
80956ABH26-N0,24773,NSE
PPSL-SM,24785,NSE
FIRSTCRY-EQ,24814,NSE
METALIETF-EQ,24861,NSE
721MH35-SG,24885,NSE
GLOBALE-EQ,24932,NSE
726PN37-SG,24986,NSE
727AP41-SG,24991,NSE
722MP45-SG,24994,NSE
723AP46-SG,24995,NSE
722MH49-SG,24997,NSE
ADANIENT-EQ,25,NSE
IBULLSLTD-EQ,24999,NSE
722KL59-SG,25005,NSE
MULTICAP-EQ,25080,NSE
725AP37-SG,25095,NSE
725TS38-SG,25096,NSE
725MH45-SG,25101,NSE
725WB45-SG,25102,NSE
OSWALAGRO-EQ,2514,NSE
JEYYAM-ST,25150,NSE
722TS38-SG,25213,NSE
99AEL29-N7,25296,NSE
CONTI-SM,2531,NSE
AEL120924B-N8,25298,NSE
71TN34-SG,25354,NSE
704MH29-SG,2542,NSE
714KL47-SG,25365,NSE
845GHFL29-N0,25374,NSE
GROWWLIQID-EQ,25447,NSE
695KA28-SG,25470,NSE
TIJARIA-EQ,25482,NSE
712MP36-SG,25500,NSE
965SCL26F-N1,25534,NSE
SCL25924D-N1,25556,NSE
971SCL29B-N1,25562,NSE
70KA30-SG,25700,NSE
PARAMOUNT-SM,25716,NSE
APLAPOLLO-EQ,25780,NSE
708HP34-SG,25830,NSE
72RJ46-SG,2584,NSE
709PY34-SG,25832,NSE
OBSCP-SM,25923,NSE
EMULTIMQ-EQ,25996,NSE
67HR30-SG,26,NSE
PEARLPOLY-EQ,2610,NSE
HERANBA-EQ,2614,NSE
GATECHDVR-BE,27,NSE
702MH29-SG,2670,NSE
724KA37-SG,2691,NSE
ABINFRA-EQ,27020,NSE
825BTL27-N0,27027,NSE
875BTL28-N0,27029,NSE
PRAKASH-EQ,2708,NSE
709RL39-N0,27057,NSE
920DCBBL34-N0,27132,NSE
1020CCSP27-N0,27134,NSE
708KL31-SG,27151,NSE
715OR38-SG,27152,NSE
815GIL29-N0,27163,NSE
NTPCGREEN-EQ,27176,NSE
71TN32A-SG,27186,NSE
718WB41-SG,27204,NSE
CHEMCON-BE,276,NSE
APEXECO-ST,27291,NSE
818TPL27-N0,27396,NSE
710PFCL35-N0,27617,NSE
709HR37-SG,27672,NSE
708UP38-SG,27686,NSE
785ABHFL28-N0,27713,NSE
709IRFC34-N0,27951,NSE
MAHICKRA-SM,2839,NSE
RANEHOLDIN-EQ,2844,NSE
PURPLEUTED-ST,28044,NSE
714NPC39-N0,28371,NSE
816KSFP29-N0,28503,NSE
712PGCIL34-N0,28615,NSE
716PFCL40-N0,28786,NSE
716KA40-SG,28818,NSE
715NL34-SG,28822,NSE
716WB39-SG,28829,NSE
9IHFL27-N1,28858,NSE
679GS2031-GS,28894,NSE
SCL271224-N1,28907,NSE
ANYA-SM,28983,NSE
715KA43-SG,29003,NSE
715WB40-SG,29009,NSE
810NIT40-N0,29022,NSE
713UK32-SG,29049,NSE
715AS35-SG,29058,NSE
711MH38-SG,29061,NSE
711TS55-SG,29071,NSE
685GA31A-SG,2910,NSE
773TCHFL30-N0,29103,NSE
738REC27TF-N2,29111,NSE
CARERATING-EQ,29113,NSE
INDUSTOWER-EQ,29135,NSE
SWANDEF-BE,29164,NSE
BARFLEX-SM,29176,NSE
STALLION-BE,29205,NSE
SITINET-BZ,29210,NSE
715KA38-SG,29239,NSE
970ISF28-N0,29276,NSE
713RJ35-SG,29280,NSE
711AS45-SG,29294,NSE
710RJ50-SG,29296,NSE
790CANF30-N0,29457,NSE
711AP38B-SG,29505,NSE
714MH39-SG,29508,NSE
70OR30-SG,29518,NSE
718KL50-SG,29523,NSE
711KA33-SG,29573,NSE
702GJ31A-SG,29697,NSE
HPTL-SM,29875,NSE
JUSTDIAL-EQ,29962,NSE
716UP39B-SG,29699,NSE
719CG35-SG,29922,NSE
727MP45-SG,29991,NSE
708TN30-SG,29998,NSE
728CG34-SG,30002,NSE
721GJ35-SG,30005,NSE
732CG37-SG,30011,NSE
734UCL28-N0,30039,NSE
ROADSTAR-IV,30051,NSE
723TS49-SG,30077,NSE
727NL35-SG,30088,NSE
717OR30-SG,30091,NSE
GOLD360-EQ,30105,NSE
715UP37A-SG,30160,NSE
718MP46-SG,30167,NSE
718OR46-SG,30168,NSE
732RL35-N0,30198,NSE
925SCL27A-N1,30202,NSE
990SCL28-N1,30222,NSE
1075SCL35-N1,30232,NSE
BHARATSE-EQ,30244,NSE
GCHOTELS-ST,30289,NSE
SBIBPB-EQ,30290,NSE
707AP36-SG,30412,NSE
692TN29-SG,30415,NSE
705UK32-SG,30421,NSE
704KA32-SG,30422,NSE
709AP35-SG,30429,NSE
703HR35-SG,30430,NSE
682KL32-SG,3077,NSE
MHLSDG-SF,30564,NSE
810IRFC27-N2,31128,NSE
MTEDUCARE-BE,31413,NSE
854NHPC28-N2,31483,NSE
867NHPC33-N3,31484,NSE
705MZ35-SG,316,NSE
70AP39-SG,318,NSE
866NTPC33-N3,31762,NSE
873NTPC28-N5,31766,NSE
689TS51-SG,3266,NSE
TEMBO-EQ,3275,NSE
STARPAPER-EQ,3291,NSE
863NHB29-N2,31966,NSE
69AP39-SG,3385,NSE
696TS51-SG,3391,NSE
TATAELXSI-EQ,3411,NSE
MAFANG-EQ,3507,NSE
677RJ31-SG,3511,NSE
69MZ33-SG,3523,NSE
ADANIGREEN-EQ,3563,NSE
684HR32-SG,3571,NSE
687MH33A-SG,3574,NSE
MOKSH-EQ,3586,NSE
678SK31-SG,3643,NSE
639BR27-SG,3650,NSE
684KL33-SG,3656,NSE
SOLARA-EQ,3672,NSE
672GJ30-SG,3750,NSE
70AP38-SG,3758,NSE
WHEELS-EQ,3766,NSE
BERGEPAINT-EQ,404,NSE
ZODIACLOTH-EQ,3821,NSE
VARROC-EQ,3857,NSE
NATCOPHARM-EQ,3918,NSE
677WB40-SG,42,NSE
AMBANIORGO-SM,4083,NSE
SILINV-EQ,4105,NSE
HBSL-EQ,4116,NSE
692RJ30-SG,430,NSE
VISAKAIND-EQ,4221,NSE
5PAISA-EQ,445,NSE
JAGSNPHARM-EQ,4410,NSE
GS220830C-GS,4427,NSE
GS220831C-GS,4431,NSE
ELECTHERM-EQ,4469,NSE
GS220836C-GS,4494,NSE
GS220240C-GS,4520,NSE
GUJRAFFIA-EQ,4548,NSE
OSWALGREEN-EQ,471,NSE
BIRLACORPN-EQ,480,NSE
684RJ31A-SG,4571,NSE
68MH31-SG,4579,NSE
BLUEDART-EQ,495,NSE
HINDCON-EQ,4920,NSE
683WB28-SG,4989,NSE
691GJ30-SG,4991,NSE
712MZ34-SG,5003,NSE
70MP31-SG,5034,NSE
ETERNAL-EQ,5097,NSE
9PFL31A-NA,5160,NSE
699WB30-SG,5172,NSE
KOVAI-EQ,5192,NSE
ANTGRAPHIC-EQ,5194,NSE
GMDCLTD-EQ,5204,NSE
UTIAMC-EQ,527,NSE
71JK33A-SG,5342,NSE
DEVYANI-EQ,5373,NSE
AAVAS-EQ,5385,NSE
APTUS-EQ,5435,NSE
638MH27-SG,5467,NSE
698AS31A-SG,5468,NSE
697KL31-SG,5474,NSE
SFMP49GR-MF,5500,NSE
708JK36-SG,5544,NSE
689UP31-SG,5565,NSE
685WB31-SG,5566,NSE
SFMP50GD-MF,5595,NSE
SFMP50GR-MF,5602,NSE
ASTRAZEN-EQ,5610,NSE
PAR-EQ,5631,NSE
685GA31B-SG,5674,NSE
FELIX-SM,573,NSE
687MN31-SG,5691,NSE
68SK31-SG,5745,NSE
669PN30-SG,590,NSE
QUADPRO-SM,5870,NSE
596PY26-SG,5880,NSE
694RJ33-SG,5886,NSE
CARBORUNIV-EQ,595,NSE
706MZ34-SG,5992,NSE
AIROLAM-EQ,6068,NSE
697TN31C-SG,6096,NSE
662UK30-SG,617,NSE
CENTENKA-EQ,619,NSE
GOODLUCK-EQ,6125,NSE
634RJ27-SG,6307,NSE
708WB41-SG,6361,NSE
698RJ31A-SG,6480,NSE
DRSDILIP-SM,6686,NSE
JINDALSTEL-EQ,6733,NSE
671TN29-SG,6741,NSE
LATENTVIEW-EQ,6818,NSE
687BR30A-SG,6877,NSE
GANECOS-EQ,6944,NSE
LINC-EQ,6951,NSE
92GS2030-GS,7039,NSE
683BR30-SG,7043,NSE
923GS2043-GS,7087,NSE
86GS2028-GS,7088,NSE
817GS2044-GS,7115,NSE
773GS2034-GS,7127,NSE
SUDARCOLOR-EQ,715,NSE
63PY27-SG,7153,NSE
679GS2027-GS,7202,NSE
707TN38-SG,7318,NSE
SETFNIFBK-EQ,7361,NSE
687AP35-SG,746,NSE
HECPROJECT-EQ,7425,NSE
MIDQ50ADD-EQ,7456,NSE
HAVISHA-EQ,7457,NSE
70GA31A-SG,7513,NSE
VAML-EQ,750174,NSE
766NBFID36-N0,751669,NSE
TREJHARA-EQ,7518,NSE
702KA31-SG,7524,NSE
70MN31B-SG,7530,NSE
714TS33-SG,7538,NSE
714KL35-SG,7541,NSE
RHEXHDDG-SF,755263,NSE
761GJ39-SG,755640,NSE
775DL41-SG,755652,NSE
182D241226-TB,755786,NSE
687TS47-SG,755856,NSE
791ABCL34-N7,755946,NSE
816ABCL29-NH,755956,NSE
1015UCL27-NF,756000,NSE
950ISF27A-N0,756069,NSE
803ABHFL35-N0,756071,NSE
TURTLEMINT-EQ,756090,NSE
678KL46-SG,756103,NSE
850TIAP28A-N0,756137,NSE
815GHFL35-N0,756329,NSE
678IRFC30-N0,756331,NSE
TANKUP-ST,756338,NSE
673HPCL30-N0,756705,NSE
820MFL30-N0,756714,NSE
663AS35-SG,756809,NSE
67HR39-SG,756813,NSE
679TS53-SG,756861,NSE
686NHPCL35-N0,756888,NSE
688PN45-SG,756914,NSE
688PN46-SG,756915,NSE
PATILAUTOM-ST,756966,NSE
THELEELA-EQ,757014,NSE
740SIHF28-N0,757029,NSE
664HR36-SG,757034,NSE
72092LTF27-N0,757045,NSE
990CCSP27-N0,757129,NSE
AAFS29-N0,757140,NSE
EQUAL50-EQ,757142,NSE
AEGISVOPAK-EQ,757336,NSE
709PY40-SG,757438,NSE
713PN50-SG,757439,NSE
708TS56-SG,757441,NSE
965SCL30-ND,757469,NSE
925SCL30A-NH,757473,NSE
709TN55-SG,757558,NSE
61GJ28-SG,757559,NSE
730NIIF28-N0,757567,NSE
SAFEENTP-SM,757583,NSE
950SCL30-N0,757606,NSE
975SCL35-N0,757608,NSE
WHITEFORCE-SM,757665,NSE
820KSFP36-N0,757674,NSE
707TN55-SG,757715,NSE
714TS49-SG,757740,NSE
750TCSL28-N0,757759,NSE
749RCFL28-N0,757761,NSE
745TIL35-N0,757842,NSE
EBGNG-EQ,757862,NSE
975ISF28-N0,757890,NSE
680GJ34-SG,757910,NSE
689GA35-SG,757912,NSE
BELLACASA-EQ,757938,NSE
SHANTIGOLD-EQ,758002,NSE
721TS47-SG,758123,NSE
712SHFL30-N0,758143,NSE
MBEL-EQ,758150,NSE
716MH55-SG,758199,NSE
722BR40A-SG,758190,NSE
717MH54-SG,758198,NSE
JAINIK-SM,758303,NSE
12VCCL27D-N0,758338,NSE
EEPL-SM,758346,NSE
734IREDA29-N0,758404,NSE
743BR55-SG,758410,NSE
733TS60-SG,758411,NSE
LTFL28-N0,758556,NSE
GLOBECIVIL-EQ,758572,NSE
717GA35A-SG,758585,NSE
364D200826-TB,758589,NSE
790TIL28-N0,758650,NSE
773AIFL30-N0,758689,NSE
757MP43-SG,758724,NSE
747HR40-SG,758850,NSE
770AIFL29-N0,758878,NSE
751JK45-SG,758885,NSE
OPTIVALUE-ST,758903,NSE
769ML35-SG,758932,NSE
745SICCL30-N0,758950,NSE
GCSL-EQ,758986,NSE
ATLANTAELE-EQ,759007,NSE
76RCFL29-N0,759017,NSE
SIDDHICOTS-SM,759053,NSE
752ABCL30-N0,759069,NSE
PRIMECAB-ST,759075,NSE
DEVX-EQ,759079,NSE
URBANCO-EQ,759084,NSE
12AFIL27A-N0,759098,NSE
ABCOTS-EQ,759130,NSE
743HR39-SG,759188,NSE
71HR33-SG,759217,NSE
728GA37-SG,759219,NSE
ASIFRD-SF,759226,NSE
BMWVENTLTD-EQ,759256,NSE
GURUNANAK-SM,759261,NSE
915SCL30-N0,759279,NSE
QSIFHDG-SF,759285,NSE
CRAMC-EQ,759311,NSE
744TS58-SG,759318,NSE
746RJ38-SG,759322,NSE
743HR39A-SG,759323,NSE
744TN55A-SG,759337,NSE
FLEXIADD-EQ,759368,NSE
364D081026-TB,759433,NSE
1215DHPL27-N0,759444,NSE
VIKRAMSOLR-EQ,759453,NSE
875PFL27-N0,759470,NSE
730SIHF28-N0,759482,NSE
74MP46-SG,759492,NSE
905PFL26-N1,759562,NSE
714TN35A-SG,759549,NSE
73AP37-SG,759594,NSE
364D061126-TB,759600,NSE
763MP41-SG,759706,NSE
707MH33-SG,759737,NSE
850KGEL30-N0,759762,NSE
765TMCV28-N0,759811,NSE
686NBFID30-N0,759834,NSE
75TS52-SG,759862,NSE
771SIHF35-N0,759878,NSE
925ECL28-N2,759975,NSE
734MH34-SG,759912,NSE
737KA34-SG,759913,NSE
738KA34-SG,759914,NSE
MOSERVICE-EQ,760001,NSE
707GJ33-SG,760004,NSE
719CG35A-SG,760014,NSE
721SK35-SG,760015,NSE
1125VCCL27-N0,760047,NSE
753SK36-SG,760057,NSE
72MH34-SG,760068,NSE
772KL45-SG,760149,NSE
364D250227-TB,760166,NSE
PNGSREVA-EQ,760242,NSE
702PGCIL35-N0,760264,NSE
746KA36-SG,760269,NSE
75MP36-SG,760270,NSE
CMSINFO-EQ,7603,NSE
765JK37-SG,760291,NSE
752HR41-SG,760293,NSE
ENCOMPAS-SM,760321,NSE
GOLDBND-EQ,760325,NSE
714PY30-SG,760335,NSE
716TN32-SG,760337,NSE
115VCCL28A-N0,760451,NSE
915APSBC29-N0,760368,NSE
754AP42-SG,760447,NSE
756AS45-SG,760473,NSE
686TN29-SG,760478,NSE
765BR33-SG,760507,NSE
754RJ36-SG,760513,NSE
76TS42-SG,760517,NSE
76JK45-SG,760520,NSE
1175IFL28-N0,760555,NSE
764AP40-SG,760579,NSE
BUILDPRO-EQ,760594,NSE
729NHPC41-N0,760605,NSE
748KA35-SG,760621,NSE
764KL39-SG,760636,NSE
748PN31-SG,760662,NSE
725KA32-SG,760663,NSE
765BR51-SG,760681,NSE
TIT45-N0,760720,NSE
75343PHF31-N0,760724,NSE
BHARATCOAL-EQ,760726,NSE
ARMOUR-ST,760752,NSE
764KL47-SG,760787,NSE
720PFCL36-N6,760804,NSE
PFCL36-N7,760805,NSE
720PFCL41-NB,760809,NSE
PFCL36A-N8,760806,NSE
733MH34-SG,760880,NSE
DCMSIL-BE,760898,NSE
759CG36-SG,760912,NSE
785MZ42-SG,760921,NSE
GJL-ST,760971,NSE
HEALTHCARE-EQ,760986,NSE
701NBRD29-N0,761002,NSE
776AS46-SG,761007,NSE
692PFCL28-N0,761026,NSE
DEFENCE-EQ,761046,NSE
IIFL060326-YA,761122,NSE
ABSLMSCIN-EQ,761066,NSE
870IIFL28-Y7,761119,NSE
IIFL06326-YC,761124,NSE
TVSMNCRPS-P1,761141,NSE
723BOI35-N0,761206,NSE
925ISF28-N0,761208,NSE
762AS41-SG,761371,NSE
772UP44-SG,761444,NSE
773HR45A-SG,761446,NSE
777TR41-SG,761476,NSE
746TN35-SG,761478,NSE
775NIIF33-N0,761509,NSE
GROWWPSUBK-EQ,761514,NSE
788WB44-SG,761574,NSE
788UP46-SG,761575,NSE
APSIFHLSRG-SF,761607,NSE
797TS43-SG,761649,NSE
806RJ57-SG,761660,NSE
POWERICA-EQ,761680,NSE
802AP42-SG,761762,NSE
87HMDA38-N0,761807,NSE
695RECL28-N0,761826,NSE
87HMDA46-N0,761831,NSE
ARSIFHDAD-SF,762401,NSE
792BR51-SG,762420,NSE
3BBLACKBIO-EQ,762518,NSE
BI-EQ,762583,NSE
EMPOWER-BE,762673,NSE
KANCHI-EQ,762737,NSE
KLBRENG-B-EQ,762747,NSE
MENNPIS-EQ,762787,NSE
SHARDUL-BE,762897,NSE
SHBAJRG-EQ,762899,NSE
SHINDL-EQ,762904,NSE
SHRIKRISH-EQ,762909,NSE
TAALTECH-EQ,762929,NSE
TECHNVISN-EQ,762939,NSE
THACKER-BE,762947,NSE
779MH54-SG,763069,NSE
364D220427-TB,763079,NSE
QSIFAADG-SF,763082,NSE
QSIFAARG-SF,763086,NSE
ADISOFT-SM,763156,NSE
9189GCM28A-N0,763490,NSE
791PN41-SG,763522,NSE
792PN44-SG,763523,NSE
QLINE-SM,763594,NSE
784BR41-SG,763622,NSE
850HMDA32-N0,763705,NSE
850HMDA46-N0,763709,NSE
850HMDA41-N0,763715,NSE
786AP38-SG,763738,NSE
756AP39-SG,763775,NSE
795NIIF36A-N0,763819,NSE
VMOBILE-SM,763821,NSE
INSIFHLSRD-SF,763857,NSE
758SK39-SG,764041,NSE
ICELCO-SM,764064,NSE
783PHFL29-N0,764075,NSE
727NGEL36-N0,764077,NSE
739TN34A-SG,764145,NSE
820NOM28-N0,764155,NSE
CEMNTGROWW-EQ,764285,NSE
IIFLHFZC27-NB,7666,NSE
714WB32-SG,7710,NSE
PROPSHOP-ST,764348,NSE
MANIPALHOS-EQ,764357,NSE
ABAN-BE,7759,NSE
662KA32-SG,782,NSE
724AP38-SG,7711,NSE
AUTOIETF-EQ,7844,NSE
BIL-EQ,7848,NSE
INOXWIND-EQ,7852,NSE
724UP32-SG,7856,NSE
723GA32-SG,7871,NSE
734TS34-SG,7874,NSE
SGBJAN30IX-GB,7879,NSE
729MZ33-SG,7898,NSE
724TN32-SG,7904,NSE
MIDCAP-EQ,8077,NSE
CROWN-EQ,8083,NSE
AWL-EQ,8110,NSE
730KA32-SG,8137,NSE
713AP40-SG,8193,NSE
712KA37-SG,8196,NSE
713AP39-SG,8335,NSE
719TN42-SG,8337,NSE
725MZ34-SG,8359,NSE
CALSOFT-BE,8400,NSE
743HR41-SG,8364,NSE
MIDCAPETF-EQ,8413,NSE
734TS35-SG,8495,NSE
CHALET-EQ,8546,NSE
74WB38-SG,8584,NSE
648KA31-SG,861,NSE
MSUMI-EQ,8596,NSE
SFMP61GR-MF,8651,NSE
MOLOWVOL-EQ,8654,NSE
ABSLFTTQRG-MF,8677,NSE
729GJ32-SG,8683,NSE
UMAEXPORTS-BE,8845,NSE
EUROTEXIND-BE,8886,NSE
KCPSUGIND-BE,8849,NSE
718MH30-SG,8934,NSE
HARIOMPIPE-EQ,8968,NSE
752AP38-SG,8974,NSE
925SCL27-YR,9262,NSE
727HR30-SG,9344,NSE
TAJGVK-EQ,9354,NSE
CREATIVEYE-EQ,9384,NSE
SFMP1GR-MF,9522,NSE
746AP27-SG,9530,NSE
VENUSPIPES-EQ,9592,NSE
675RJ30-SG,969,NSE
770MH32-SG,9722,NSE
777GJ31-SG,9771,NSE
78ML31-SG,9774,NSE
648AS30-SG,985,NSE
781GA32-SG,9779,NSE
79RJ42-SG,9800,NSE
NV20BEES-EQ,9847,NSE
78AP31A-SG,9914,NSE
769HR27-SG,9873,NSE
AIRAN-EQ,9897,NSE
788NL32-SG,9923,NSE
ABCAPITAL-EQ,21614,NSE
RAJMET-EQ,2168,NSE
875GFL27-N0,21615,NSE
729BR30-SG,21642,NSE
724AP33-SG,21644,NSE
840TPL29-N3,21684,NSE
BRNL-EQ,21683,NSE
MAXPOSURE-SM,21691,NSE
LASA-EQ,21713,NSE
766RJ31-SG,21842,NSE
768AP37-SG,21870,NSE
716KL30-SG,21914,NSE
695MN30-SG,21925,NSE
70MH28-SG,21944,NSE
697MH28-SG,21946,NSE
729MP35-SG,21950,NSE
669MP30-SG,21992,NSE
729NL29-SG,21998,NSE
704ML30-SG,22012,NSE
ONIDA-EQ,2202,NSE
735PY30-SG,22028,NSE
727RJ29-SG,22034,NSE
708RJ30-SG,22035,NSE
649RJ30-SG,22043,NSE
658RJ30-SG,22050,NSE
703UP30-SG,22087,NSE
719TN35-SG,22110,NSE
669TN50-SG,22113,NSE
715TN27-SG,22120,NSE
72TN31-SG,22124,NSE
668TN55-SG,22134,NSE
718WB35-SG,22144,NSE
723WB30-SG,22147,NSE
710UK30-SG,22164,NSE
799WB35-SG,22175,NSE
665WB30-SG,22176,NSE
717GJ30-SG,22214,NSE
717PN30A-SG,22220,NSE
717BR30A-SG,22223,NSE
660AP39-SG,22332,NSE
65KA30-SG,22368,NSE
705NL31-SG,2242,NSE
HDFCNIFBAN-EQ,22433,NSE
645GJ30-SG,22448,NSE
76TN31-SG,22492,NSE
699RJ41-SG,2251,NSE
769BR39-SG,22504,NSE
763RJ41-SG,22505,NSE
767KL43-SG,22506,NSE
749UP34A-SG,22610,NSE
85CIFC27-NL,22551,NSE
MEGATHERM-SM,22560,NSE
837SMFG29-N2,22575,NSE
CAPITALSFB-EQ,22675,NSE
ENTERO-EQ,22717,NSE
745MP44A-SG,22758,NSE
ATMASTCO-ST,22788,NSE
ZENITHDRUG-SM,22803,NSE
764RL27-NM,22815,NSE
MTNL-EQ,2294,NSE
HLEGLAS-EQ,2289,NSE
744HR36-SG,22879,NSE
832TPL29-N7,22895,NSE
925BCIPL28-N1,22964,NSE
74RJ42-SG,22987,NSE
738TS43-SG,22988,NSE
742HR35-SG,22994,NSE
74JK44-SG,22997,NSE
735PGCIL34-N1,23061,NSE
739CG33-SG,23079,NSE
737KA37-SG,23091,NSE
736JK49-SG,23102,NSE
736TS50-SG,23103,NSE
757IREDL29-NB,23155,NSE
MOSMALL250-EQ,23181,NSE
747CG34-SG,23195,NSE
748UP36-SG,23203,NSE
746RJ42-SG,23212,NSE
820ABHFL27-N6,23228,NSE
CPSEETF-EQ,2328,NSE
948SCL27-YV,23297,NSE
965SCL29-YX,23301,NSE
749RJ40-SG,23327,NSE
753WB44-SG,23334,NSE
746AS31-SG,23341,NSE
749UP36-SG,23350,NSE
749KL36-SG,23351,NSE
75MN36A-SG,23352,NSE
745MH39-SG,23354,NSE
746AP44-SG,23425,NSE
744MH41-SG,23430,NSE
71GS2034-GS,23463,NSE
744TS53-SG,23498,NSE
TGL-ST,23530,NSE
745MH39A-SG,23537,NSE
742MH37-SG,23541,NSE
75UK29-SG,23546,NSE
885NOM28-N2,23551,NSE
RBS-SM,23565,NSE
752HR34-SG,23632,NSE
752RJ37-SG,23637,NSE
743TN34A-SG,23674,NSE
SLONE-ST,23692,NSE
935AKCF27-N0,23722,NSE
787LIC29-N3,23751,NSE
742AP46-SG,23758,NSE
865CIF29-NV,23837,NSE
776TIL34-N1,23892,NSE
865CIFL29-NW,23900,NSE
72JH35-SG,2391,NSE
759NHB27-ND,23913,NSE
925SCL29A-ZM,23955,NSE
AIMTRON-SM,23984,NSE
909MFL29-NP,23988,NSE
744TS40-SG,23996,NSE
744TN34B-SG,23998,NSE
744HP34-SG,23999,NSE
738KL55-SG,24003,NSE
745ML34-SG,24006,NSE
825TPL27-N6,24035,NSE
735JK49-SG,24050,NSE
MID150CASE-EQ,24077,NSE
BBNPNBETF-EQ,24117,NSE
793TPRE34-N0,24255,NSE
NIRLON-EQ,2433,NSE
864CIFL29-N0,24260,NSE
ESTER-EQ,24265,NSE
738PN34-SG,24333,NSE
792TCHF34-N0,24383,NSE
BANSALWIRE-EQ,24386,NSE
DELPHIFX-BE,24395,NSE
ASHIANA-EQ,24403,NSE
DHANSA-SM,24415,NSE
817ABHF27-N0,24464,NSE
732HR36A-SG,24488,NSE
735MZ37-SG,24489,NSE
733AP40-SG,24491,NSE
733AP43A-SG,24493,NSE
74CB34-N0,24514,NSE
SBINEQWETF-EQ,24524,NSE
MIEL-SM,24629,NSE
730KL52-SG,24663,NSE
85GHFL27-N0,24670,NSE
SATECH-SM,24674,NSE
799RCFL27-N0,24775,NSE
GROWWEV-EQ,24798,NSE
755RECL26-N0,24805,NSE
736NBFID44-N0,24834,NSE
727JK49-SG,24837,NSE
726BR33-SG,24840,NSE
BALCO-ST,24882,NSE
722MH50-SG,24891,NSE
732PFCL39-N0,24899,NSE
845NOM27-N0,24901,NSE
LTF-EQ,24948,NSE
726PN36-SG,24985,NSE
723RJ46-SG,24996,NSE
706TN29-SG,25006,NSE
725BR33-SG,25007,NSE
722RJ34-SG,25011,NSE
723MH35-SG,25090,NSE
ASAHISONG-BE,25092,NSE
724KL40-SG,25097,NSE
725TS46-SG,25103,NSE
724RJ34-SG,25109,NSE
8049ABHF27-N0,25145,NSE
980SFIL29-N0,25155,NSE
NAMOEWASTE-ST,25170,NSE
703TN29-SG,25212,NSE
722HP39-SG,25215,NSE
723KL45-SG,25216,NSE
AUSL-SM,25248,NSE
TOLINS-EQ,25262,NSE
925AEL26-N1,25277,NSE
702HR29-SG,2539,NSE
965AEL27-N4,25287,NSE
713MH37-SG,25360,NSE
840CIFL27-N0,25393,NSE
ENVIRO-SM,25412,NSE
727PFCL31-N0,25435,NSE
712MH43-SG,25476,NSE
715WB44-SG,25478,NSE
BIKEWO-ST,25527,NSE
925SCL26E-N1,25532,NSE
948SCL27D-N1,25552,NSE
1015SCL29B-N1,25558,NSE
79SHFL27-N0,25593,NSE
MOMENTUM50-EQ,25606,NSE
UNILEX-SM,25633,NSE
DSSL-EQ,25690,NSE
711BR33A-SG,25701,NSE
729KA37-SG,2575,NSE
GROWWDEFNC-EQ,25758,NSE
705UK29-SG,25765,NSE
712KA33-SG,25767,NSE
715MP43-SG,25776,NSE
GARUDA-EQ,25800,NSE
GROWWGOLD-EQ,25872,NSE
712GA34A-SG,25885,NSE
744SIDBI28-N0,25890,NSE
WAAREEENER-EQ,25907,NSE
715BR34-SG,25958,NSE
715MN39-SG,25961,NSE
716TS49-SG,25968,NSE
DRCSYSTEMS-EQ,2645,NSE
MIDCPNIFTY,26074,NSE
PIDILITIND-EQ,2664,NSE
712TN34A-SG,27003,NSE
VSSL-EQ,27067,NSE
PRECOT-EQ,2711,NSE
705GJ31-SG,27113,NSE
708GJ33-SG,27114,NSE
NEELAM-SM,27123,NSE
ITTL-ST,27266,NSE
RAJPUTANA-SM,27269,NSE
PRSMJOHNSN-EQ,2739,NSE
719WB36-SG,2762,NSE
710TS45-SG,27325,NSE
CHEMFAB-BE,2815,NSE
RAJSREESUG-EQ,2809,NSE
SGBMR29XII-GB,2810,NSE
RANASUG-EQ,2837,NSE
712KA36-SG,28233,NSE
ANUHPHR-EQ,28314,NSE
748SIDBI29-N0,28795,NSE
714JK51-SG,28817,NSE
89IHFL29-N1,28869,NSE
925IHFL31-N1,28876,NSE
SENORES-EQ,28888,NSE
948SCL27R-N1,28921,NSE
SCL271224B-N1,28923,NSE
1003SCL31P-N1,28929,NSE
DUCON-EQ,28952,NSE
825TCSL27-N0,28973,NSE
717AP38-SG,28993,NSE
685AR31-SG,2922,NSE
950ISF26A-N0,29017,NSE
723MH41-SG,29123,NSE
EMAPARTNER-SM,29229,NSE
712TN55-SG,29242,NSE
ITCHOTELS-EQ,29251,NSE
720NHPC35-N0,29266,NSE
714HR38A-SG,29283,NSE
766LICH29-N0,29305,NSE
0NHIT34-N0,29432,NSE
SUPREME-EQ,29439,NSE
79742SIC30-N0,29467,NSE
711KA35A-SG,29500,NSE
S&SPOWER-EQ,2951,NSE
716AP40-SG,29512,NSE
719BR45-SG,29514,NSE
GROWWRAIL-EQ,29527,NSE
CHAMUNDA-SM,29541,NSE
775CIT38-N0,29551,NSE
NIFTYIETF-EQ,29553,NSE
714BR37-SG,29565,NSE
718BR45-SG,29566,NSE
714CG33-SG,29567,NSE
708GJ34-SG,29569,NSE
708KA31A-SG,29572,NSE
704REC28-N4,29614,NSE
AJAXENGG-EQ,29624,NSE
728RECL40-N0,29629,NSE
VOLERCAR-SM,29658,NSE
HEXT-EQ,29666,NSE
715AS35B-SG,29692,NSE
712GJ37A-SG,29694,NSE
683GJ30-SG,297,NSE
ORIENTELEC-EQ,2972,NSE
714PY31A-SG,29707,NSE
742PFC28-N0,29719,NSE
ROYALARC-SM,29727,NSE
719OR35-SG,29919,NSE
724BR37-SG,29925,NSE
722HR38A-SG,29928,NSE
718MH39-SG,29930,NSE
72RJ42-SG,29938,NSE
72AS45-SG,29939,NSE
817GHFL30-N0,29979,NSE
727TS49-SG,29994,NSE
734AS35-SG,30004,NSE
760CIT38-N0,30036,NSE
790ABHFL28-N0,30063,NSE
724KL43-SG,30082,NSE
723TN55-SG,30083,NSE
717MP31-SG,30085,NSE
693OR28-SG,30090,NSE
723RJ38-SG,30098,NSE
ABFRL-EQ,30108,NSE
718WB46-SG,30169,NSE
698OR29-SG,30176,NSE
716CG34-SG,30185,NSE
940SCL28-N1,30208,NSE
SCL190325-N1,30212,NSE
971SCL30-N1,30230,NSE
JINDALSAW-EQ,3024,NSE
948SCL28-N1,30240,NSE
NIF100IETF-EQ,30392,NSE
696JH29-SG,30416,NSE
705OR35-SG,30433,NSE
71RJ43-SG,30446,NSE
SPECTRUM-BE,30457,NSE
AONELIQUID-EQ,30472,NSE
ISIFAAFG-SF,31080,NSE
835PHFL31-N0,31265,NSE
SIDDHIKA-SM,3148,NSE
BORORENEW-EQ,3149,NSE
SIEMENS-EQ,3150,NSE
879NHPC28-N5,31486,NSE
782UP46-SG,31618,NSE
891NTPC33-N6,31768,NSE
364D100627-TB,31784,NSE
SREEL-EQ,31837,NSE
JTEKTINDIA-EQ,3237,NSE
682ML31-SG,3238,NSE
678JK33-SG,3244,NSE
863NHB34-N3,31967,NSE
VALIANTORG-BE,334,NSE
SUNPHARMA-EQ,3351,NSE
682MH32-SG,3376,NSE
692HR36-SG,3382,NSE
SWARAJENG-EQ,3384,NSE
HONAUT-EQ,3417,NSE
797IGT31-NL,3476,NSE
696AP35-SG,3575,NSE
UNITECH-EQ,3594,NSE
UNIVCABLES-EQ,3607,NSE
676RJ31-SG,3641,NSE
704AP40-SG,3689,NSE
703TN51-SG,3722,NSE
705TS41-SG,3725,NSE
681PN31-SG,3755,NSE
704TS51-SG,3767,NSE
GOCLCORP-EQ,3963,NSE
GREENPLY-EQ,3987,NSE
AEGISLOG-EQ,40,NSE
687AP38-SG,41,NSE
985ECL28-NK,4292,NSE
REGENCERAM-EQ,4130,NSE
691NL30-SG,437,NSE
687MH30-SG,448,NSE
SHRIRAMFIN-EQ,4306,NSE
BOSCH-HCIL-EQ,4491,NSE
684GJ30-SG,454,NSE
GS220840C-GS,4546,NSE
RUCHINFRA-EQ,4566,NSE
BLUECHIP-EQ,4681,NSE
71AP37-SG,469,NSE
INDNIPPON-EQ,4747,NSE
709KL36-SG,4748,NSE
704RJ36-SG,4780,NSE
691RJ31-SG,4866,NSE
688GJ31-SG,4893,NSE
71JK33-SG,4894,NSE
IPL-EQ,4934,NSE
PULZ-SM,507,NSE
GANGAFORGE-EQ,4957,NSE
682CG28-SG,4984,NSE
WALPAR-SM,5013,NSE
SBIETFCON-EQ,5168,NSE
698HR31-SG,5229,NSE
714AP41-SG,5236,NSE
714TS41-SG,5237,NSE
699GA31B-SG,5333,NSE
709TS34-SG,5343,NSE
CARTRADE-EQ,5407,NSE
643MH27-SG,5414,NSE
SGBAUG29V-GB,5455,NSE
PARIN-SM,5460,NSE
YUKEN-EQ,5501,NSE
697TN31B-SG,5417,NSE
JAIPURKURT-EQ,5516,NSE
705AP35-SG,5527,NSE
698HP32-SG,5538,NSE
691RJ31A-SG,5541,NSE
ABMINTLLTD-EQ,5549,NSE
70TS36-SG,5568,NSE
698WB36-SG,5697,NSE
SANSERA-EQ,5751,NSE
MASPTOP50-EQ,5782,NSE
975SCL28-NT,5857,NSE
LAGNAM-EQ,5865,NSE
684UP31-SG,5887,NSE
699TR36-SG,5892,NSE
MONTECARLO-EQ,5938,NSE
UWCSL-SM,5945,NSE
BSLSENETFG-EQ,5957,NSE
709AP39-SG,5968,NSE
691RJ31B-SG,5995,NSE
ABSLAMC-EQ,6018,NSE
70NL31-SG,6103,NSE
604GJ26-SG,6209,NSE
CESC-EQ,628,NSE
694TS50A-SG,630,NSE
CHAMBLFERT-EQ,637,NSE
HEALTHY-EQ,6297,NSE
TECHNOE-EQ,6445,NSE
708TS42-SG,6488,NSE
SONATSOFTW-EQ,6596,NSE
GENUSPAPER-EQ,6600,NSE
EXIDEIND-EQ,676,NSE
MOLDTKPAC-EQ,6713,NSE
SBC-EQ,6792,NSE
74GS2035-GS,6874,NSE
683GS2039-GS,6935,NSE
ICDSLTD-EQ,6977,NSE
DICIND-EQ,703,NSE
MARALOVER-BE,7040,NSE
83GS2040-GS,6981,NSE
683KA31-SG,6988,NSE
ACCELYA-EQ,7053,NSE
SEJALLTD-EQ,7091,NSE
MICEL-BE,7165,NSE
665KA30-SG,72,NSE
SBIETFPB-EQ,722,NSE
HCLTECH-EQ,7229,NSE
METROBRAND-EQ,7242,NSE
675KA33-SG,74,NSE
HPAL-EQ,7376,NSE
SUPRIYA-EQ,7390,NSE
629RJ26A-SG,7500,NSE
705UK31-SG,7535,NSE
739GJ34-SG,753720,NSE
12VPT28A-N0,754402,NSE
810BACL29-N0,754691,NSE
743GJ35-SG,755612,NSE
8ABCL26-N2,755941,NSE
805ABCL28-N5,755944,NSE
79413ABC28-N8,755947,NSE
672MH38-SG,756063,NSE
703NBFID30-N0,755988,NSE
690GS2065-GS,756014,NSE
675AS40-SG,756061,NSE
672MH40-SG,756065,NSE
IIFL21425-NY,756142,NSE
709TS58-SG,756790,NSE
709TS60-SG,756792,NSE
651UP32-SG,756808,NSE
690LICH27-N0,756852,NSE
668GJ33-SG,756856,NSE
674AP37-SG,756859,NSE
679AP36-SG,756863,NSE
679AP34A-SG,756906,NSE
677MP37-SG,756864,NSE
678AP33-SG,756909,NSE
685AP41-SG,756913,NSE
686NHPCL32-N0,756932,NSE
MONOLITH-SM,756958,NSE
MOINFRA-EQ,757031,NSE
755TPREL40-N0,756992,NSE
660TN35-SG,757020,NSE
668HR38-SG,757035,NSE
689KL51-SG,757040,NSE
664ML35-SG,757382,NSE
664RJ35-SG,757383,NSE
684AP39-SG,757388,NSE
665AP33-SG,757427,NSE
MOPSE-EQ,757431,NSE
705AP39-SG,757434,NSE
708MZ39-SG,757436,NSE
MOTOUR-EQ,757443,NSE
627PFCL27-N0,757449,NSE
888SCL28-NA,757466,NSE
960SCL32-NI,757474,NSE
910HFL35-N0,757487,NSE
NRVANDANA-ST,757492,NSE
955SCL35-NO,757499,NSE
673RJ35-SG,757560,NSE
INFLUX-SM,757602,NSE
MOALPHA50-EQ,757669,NSE
SAVY-SM,757704,NSE
701BR37-SG,757711,NSE
LIQGRWBEES-EQ,757725,NSE
614TN28-SG,757728,NSE
676AS32-SG,757730,NSE
715MH45-SG,757737,NSE
PICCADIL-EQ,757754,NSE
AEL170725A-NG,757876,NSE
681RL36-N0,757915,NSE
SMARTWORKS-EQ,757965,NSE
712LTFL27-N0,757970,NSE
75GFL30-N0,757978,NSE
CHEMBONDCH-BE,757991,NSE
SELLOWRAP-SM,757982,NSE
768GSGL28-N0,758007,NSE
820TOPO36-N0,758030,NSE
RNPL-SM,758157,NSE
714SDIL32-N0,758161,NSE
PROSTARM-EQ,758173,NSE
BLUEWATER-ST,758185,NSE
677AP31-SG,758201,NSE
637RECL27-N0,758294,NSE
640NHPCL27-N0,758440,NSE
JSWCEMENT-EQ,758460,NSE
116VCCL27-N0,758531,NSE
754RJ53-SG,758665,NSE
ARCIIL-SM,758670,NSE
724GS2055-GS,758674,NSE
850TIAP28B-N0,758693,NSE
727HP35-SG,758717,NSE
738TFSIL28-N0,758734,NSE
734CG40-SG,758817,NSE
729MH50-SG,758832,NSE
752BR36-SG,758848,NSE
748GA36-SG,758849,NSE
364D100926-TB,758888,NSE
772TS63-SG,758922,NSE
773PN32-SG,758926,NSE
762AP36-SG,758933,NSE
772MN37-SG,758934,NSE
778KL45-SG,758936,NSE
ABCL020925-N0,758993,NSE
1075WCAP28-N0,758995,NSE
685NBRD29-N0,759019,NSE
789GIL30-N0,759148,NSE
VMSTMT-EQ,759152,NSE
JAYESH-SM,759159,NSE
723SK35-SG,759218,NSE
FINKURVE-EQ,759239,NSE
930SCL2035-N0,759277,NSE
12AFIL28-N0,759283,NSE
73UK32-SG,759319,NSE
749KL40-SG,759324,NSE
756WB45-SG,759328,NSE
75AP45-SG,759329,NSE
753TS52-SG,759335,NSE
885TIAPL29-N0,759347,NSE
724TFSIL27-N0,759349,NSE
SYSTMTXC-BE,759358,NSE
ANANTAM-IV,759363,NSE
714AP33-SG,759386,NSE
ADVANCE-EQ,759402,NSE
BAGDIGITAL-SM,759420,NSE
CANHLIFE-EQ,759477,NSE
364D291026-TB,759504,NSE
666RJ29-SG,759548,NSE
930PFL29-N0,759559,NSE
912PFL27-N0,759560,NSE
745TS57-SG,759597,NSE
GROWWMC150-EQ,759719,NSE
715NBFID40-N0,759733,NSE
TMCV-EQ,759782,NSE
SHILCTECH-EQ,759847,NSE
718UP35-SG,759855,NSE
729RJ37-SG,759858,NSE
75AR45-SG,759860,NSE
744RJ33B-SG,759909,NSE
752RJ36-SG,759919,NSE
799GSGL29-N0,759943,NSE
ARSSBL-EQ,759956,NSE
706UK32-SG,759986,NSE
745ISL28-N0,760005,NSE
EXCELSOFT-EQ,760007,NSE
751JK40-SG,760020,NSE
745TS48-SG,760024,NSE
SUDEEPPHRM-EQ,760039,NSE
115VCCL28-N0,760049,NSE
0IRFC35-N0,760080,NSE
756WB42A-SG,760084,NSE
736UP36-SG,760096,NSE
75WB37-SG,760097,NSE
780HFL27-N0,760133,NSE
SPEB-ST,760138,NSE
CSSL-SM,760143,NSE
SRTL-EQ,760188,NSE
SHRENIK-BZ,760252,NSE
AONESILVER-EQ,760193,NSE
737AP34-SG,760266,NSE
719GJ33-SG,760275,NSE
LEMERITE-EQ,760300,NSE
746UP37-SG,760383,NSE
759AS39-SG,760385,NSE
761WB41-SG,760386,NSE
745TN55-SG,760388,NSE
706TCHE28-N0,760405,NSE
722TFSI28-N0,760431,NSE
1150AFIL28-N0,760459,NSE
716GJ31-SG,760502,NSE
754RJ35-SG,760510,NSE
752KA37-SG,760514,NSE
759UP41-SG,760515,NSE
720CL30-N0,760528,NSE
757AS36-SG,760567,NSE
75TN37-SG,760569,NSE
668GS2033-GS,760623,NSE
KRMAYURVED-SM,760624,NSE
763BR40-SG,760638,NSE
714TFSIL28-N0,760643,NSE
745TOPL28-N0,760645,NSE
7EHS246-N0,760650,NSE
7EHPP46-N0,760671,NSE
761TS42-SG,760676,NSE
704SIDBI29-N0,760722,NSE
AMAGI-EQ,760740,NSE
780TOPL31-N0,760747,NSE
759AP43-SG,760753,NSE
760BR50-SG,760758,NSE
14DCCL31A-N0,760765,NSE
769HR41-SG,760795,NSE
785MFL29-N0,760819,NSE
PFCL41-ND,760823,NSE
PFCL41A-NE,760824,NSE
748AS35-SG,760884,NSE
702GJ31-SG,760905,NSE
755KA35-SG,760909,NSE
787AS46-SG,760933,NSE
784MP47-SG,760935,NSE
785TPL28-N0,760966,NSE
698GJ31A-SG,761008,NSE
774JK46-SG,761011,NSE
725KA33-SG,761012,NSE
775BTL28-N0,761307,NSE
741GJ37-SG,761326,NSE
765AP43-SG,761375,NSE
MARSONS-EQ,761386,NSE
699NL30-SG,761414,NSE
728TN33-SG,761416,NSE
779PY41-SG,761417,NSE
765MP41-SG,761418,NSE
744NBRD29-N0,761425,NSE
APSISAERO-ST,761435,NSE
775TS45-SG,761448,NSE
738GJ35-SG,761453,NSE
683MH30-SG,761454,NSE
757TN38-SG,761475,NSE
915TIAPL33-N0,761504,NSE
VALUE-EQ,761511,NSE
975MWL29-N0,761533,NSE
APSIFHLSRD-SF,761605,NSE
796AP38-SG,761646,NSE
364D080427-TB,761687,NSE
MOBANK10-EQ,761693,NSE
80NL41-SG,761719,NSE
80TR46-SG,761747,NSE
809UP51-SG,761752,NSE
804WB56-SG,761754,NSE
77UK35-SG,761757,NSE
87HMDA43-N0,761801,NSE
87HMDA36-N0,761803,NSE
87HMDA37-N0,761805,NSE
87HMDA34-N0,761841,NSE
783CG40-SG,762422,NSE
AKCAPIT-EQ,762538,NSE
AMBALALSA-EQ,762543,NSE
DRAGARWQ-EQ,762648,NSE
ELCIDIN-EQ,762658,NSE
ELITECON-EQ,762663,NSE
HALDYNGL-BE,762708,NSE
NATIONSTD-EQ,762807,NSE
PRADPME-BE,762842,NSE
RSDFIN-BE,762872,NSE
SEIL-EQ,762889,NSE
THAKDEV-EQ,762949,NSE
WPIL-EQ,762978,NSE
750GS2056-GS,763146,NSE
182D291026-TB,763204,NSE
85GFL36-N0,763210,NSE
1116AFL27-N0,763346,NSE
8LMAEL32-N0,763348,NSE
SIMCA-SM,763375,NSE
RFBL-ST,763468,NSE
VIVIANA-BE,763637,NSE
9189GCM28-N0,763492,NSE
767NHPCL41-N0,763661,NSE
850HMDA34-N0,763695,NSE
850HMDA40-N0,763713,NSE
779GJ41-SG,763739,NSE
AASTHA-EQ,763800,NSE
788TACA31-N0,763851,NSE
INSIFHLSDG-SF,763853,NSE
INSIFHLSRG-SF,763859,NSE
765WB52-SG,764046,NSE
91D081026-TB,764047,NSE
364D080727-TB,764049,NSE
778JCL29-N0,764060,NSE
HAPPY-SM,764131,NSE
751GJ38-SG,764148,NSE
772ML38-SG,764149,NSE
SBIFUNDS-EQ,764173,NSE
182D210127-TB,764253,NSE
820KSFP36A-N0,764260,NSE
METALIC-SM,764275,NSE
774SFL28-N0,764308,NSE
722ULCE29-N0,764374,NSE
885TIAPL30-N0,764341,NSE
77TN51-SG,764424,NSE
EBANK10-EQ,764378,NSE
795JCL29-N0,764381,NSE
773SICC29-N0,764393,NSE
TRANSPEK-BE,7669,NSE
718KA33-SG,7694,NSE
722KA35-SG,7707,NSE
843SCFL27-YB,7772,NSE
ALEMBICLTD-EQ,79,NSE
DALMIASUG-EQ,781,NSE
TIMESCAN-SM,7800,NSE
714KA32-SG,7813,NSE
736KA39-SG,7910,NSE
MALLCOM-EQ,7965,NSE
1060ECL29-NS,7986,NSE
DCMSHRIRAM-EQ,811,NSE
733TN52-SG,8007,NSE
RPSGVENT-EQ,8119,NSE
737AP42-SG,8123,NSE
713TN47-SG,8198,NSE
RICHA-ST,8212,NSE
SOFTTECH-EQ,8266,NSE
713TS37-SG,8299,NSE
713KA39-SG,8302,NSE
712JK37-SG,8334,NSE
708MP29-SG,8351,NSE
731AP42-SG,8366,NSE
RAJRILTD-BE,8428,NSE
709TN30-SG,8489,NSE
722RJ32-SG,8492,NSE
724SK32-SG,8493,NSE
739TN52-SG,8502,NSE
GATEWAY-EQ,8510,NSE
SPRL-SM,8521,NSE
644UK30-SG,853,NSE
COOLCAPS-ST,8567,NSE
727ML32-SG,8576,NSE
67NL30-SG,86,NSE
743TN47-SG,8587,NSE
ABNINT-IT,8588,NSE
SFMP61DD-MF,8645,NSE
VETO-BE,8660,NSE
717TN30-SG,8681,NSE
678TS50-SG,878,NSE
DSKULKARNI-BE,8772,NSE
TNIDETF-EQ,8882,NSE
710GS2029-GS,9047,NSE
NILAINFRA-EQ,9253,NSE
GINNIFILA-BE,9294,NSE
IFBAGRO-BE,9300,NSE
STARTECK-EQ,9305,NSE
715HR28-SG,9333,NSE
AXISCADES-EQ,9436,NSE
774HR35-SG,9444,NSE
778AP42-SG,9451,NSE
ESABINDIA-EQ,955,NSE
SFMP1DD-MF,9516,NSE
SFMP1GD-MF,9523,NSE
763HR28-SG,9770,NSE
78GJ32-SG,9777,NSE
783WB32-SG,9782,NSE
SUNDRMBRAK-BE,9848,NSE
AETHER-EQ,9810,NSE
786MH30-SG,9821,NSE
802TS35-SG,9824,NSE
FIDEL-SM,9858,NSE
NEXTMEDIA-EQ,9867,NSE
795HR32-SG,9870,NSE
SMARTLINK-BE,9893,NSE
785RJ37-SG,9943,NSE
729MP30-SG,21980,NSE
709MP30-SG,21991,NSE
705NL30-SG,21994,NSE
688PY31-SG,22026,NSE
831RJ27-SG,22062,NSE
727RJ30-SG,22064,NSE
722UP30-SG,22089,NSE
719TN30-SG,22125,NSE
75TR30-SG,22137,NSE
705WB30-SG,22143,NSE
711CG30-SG,22157,NSE
759CG30-SG,22158,NSE
815JK30-SG,22181,NSE
739TS59-SG,22203,NSE
694TS60-SG,22207,NSE
743TS54-SG,22211,NSE
718UP30-SG,22213,NSE
717BR30-SG,22216,NSE
729GA29A-SG,22224,NSE
DHUNINV-EQ,22233,NSE
NDRAUTO-EQ,22255,NSE
649TS50-SG,22263,NSE
661MP35-SG,22338,NSE
702HP36-SG,2236,NSE
MODTHREAD-EQ,2241,NSE
649MH31-SG,22343,NSE
667TN50-SG,22375,NSE
664RJ30-SG,22412,NSE
CIF29-NO,22558,NSE
739AP29-SG,22604,NSE
742GJ31-SG,22608,NSE
ITALIANE-SM,22645,NSE
744CG30-SG,22692,NSE
743GJ31-SG,22693,NSE
745AS31-SG,22695,NSE
MRPL-EQ,2283,NSE
VSTL-EQ,22730,NSE
745MP45-SG,22759,NSE
BSLIQPIRG-MF,22853,NSE
746UK34-SG,22875,NSE
865CIFC865-NP,22917,NSE
8258TCL27-NF,22919,NSE
74TN34-SG,22990,NSE
860CIFC29-NQ,23012,NSE
764ABL34-N0,23041,NSE
739KL34-SG,23085,NSE
18MVL27-N0,23111,NSE
740EXIM29-N1,23050,NSE
738UP34-SG,23086,NSE
676GS2061-GS,2317,NSE
74TN54-SG,23217,NSE
765HDFC34-N1,23222,NSE
ENFUSE-SM,23224,NSE
792TCHFL34-NF,23246,NSE
902SCL27-YU,23295,NSE
747RJ33-SG,23325,NSE
751JK54-SG,23338,NSE
742KA32-SG,23342,NSE
744KA33-SG,23344,NSE
739AP30-SG,23421,NSE
742TN34A-SG,23423,NSE
TARACHAND-EQ,23512,NSE
759RL27-NO,23534,NSE
748UP42-SG,23544,NSE
749TN34-SG,23584,NSE
751PN37-SG,23585,NSE
743AP42A-SG,23679,NSE
753RECL34-NP,23749,NSE
ABSMARINE-ST,23786,NSE
742HR34-SG,23815,NSE
743MN36-SG,23816,NSE
737AS34-SG,23871,NSE
734JK54-SG,23882,NSE
VILAS-SM,23909,NSE
734TR36-SG,2394,NSE
SCL310524A-ZK,23950,NSE
1015SCL29-ZL,23952,NSE
8277SMF27-N5,23982,NSE
9CIFL34-NX,23990,NSE
746HP36-SG,23995,NSE
747PN37-SG,24008,NSE
745RJ40-SG,24009,NSE
718HR41-SG,2407,NSE
865TVSH29-N0,24041,NSE
UTFIAIPIGI-MF,24049,NSE
805SHFL29-N3,24063,NSE
702GS2031-GS,24072,NSE
738RJ33-SG,24098,NSE
735TS38-SG,24104,NSE
1050IIFL29-ND,24143,NSE
AFIL-EQ,24159,NSE
825NOM27-N0,24177,NSE
734WB39-SG,24185,NSE
733RJ44-SG,24203,NSE
MASON-SM,24278,NSE
98VFPL28-N0,24284,NSE
PCCL-SM,24290,NSE
DTL-SM,24313,NSE
NKIND-EQ,2439,NSE
739MN36-SG,24336,NSE
864CIFL29A-N0,24347,NSE
738JK49-SG,24421,NSE
736SBI39-N0,24455,NSE
PRIZOR-ST,24511,NSE
754BOI34-N0,24516,NSE
TUNWAL-SM,24520,NSE
736GA34-SG,24564,NSE
736RJ34-SG,24565,NSE
735TS40-SG,24568,NSE
SANSTAR-EQ,24582,NSE
RNFI-SM,24589,NSE
APRAMEYA-SM,24638,NSE
727TN32-SG,24646,NSE
729RJ34-SG,24648,NSE
730MH38-SG,24651,NSE
735WB43-SG,24655,NSE
SSEGL-SM,24697,NSE
BSLNIFTY-EQ,24781,NSE
705GJ28-SG,24838,NSE
706GJ29-SG,24839,NSE
728TS38-SG,24843,NSE
INVENTURE-EQ,24870,NSE
AAFS28A-N0,24877,NSE
724BR33-SG,24894,NSE
ELGIRUBCO-EQ,24924,NSE
775LICH29-N0,24942,NSE
ORIENTTECH-EQ,24961,NSE
726AS39-SG,24988,NSE
727RJ42-SG,24992,NSE
723WB49-SG,24998,NSE
724AP36-SG,25012,NSE
JAYBEE-SM,25037,NSE
RAYMONDLSL-EQ,25073,NSE
STYLEBAAZA-EQ,25114,NSE
840GHFL28-N0,25130,NSE
GALAPREC-EQ,25134,NSE
TDPOWERSYS-EQ,25178,NSE
BALAJEE-EQ,25203,NSE
807SMFG27-N0,25229,NSE
AEL120924A-N5,25292,NSE
PNGJL-EQ,25312,NSE
EXCELLENT-ST,25327,NSE
70CG29-SG,25351,NSE
71MH33-SG,25352,NSE
703CG30-SG,25484,NSE
ONELIFECAP-BE,25496,NSE
71RJ34-SG,25494,NSE
925SCL29C-N1,25560,NSE
1075SCL34C-N1,25570,NSE
ESSARSHPNG-EQ,25634,NSE
SAHASRA-ST,25671,NSE
713AS39-SG,25691,NSE
714BR33-SG,25768,NSE
LLOYDSENT-EQ,25807,NSE
1180VCCL26-N0,25814,NSE
711TS45-SG,25834,NSE
7712TCHF28-N0,25840,NSE
AFFORDABLE-BE,25857,NSE
711BR33B-SG,25883,NSE
DANISH-SM,25927,NSE
7875NIIF30-N0,25933,NSE
715KL39-SG,25960,NSE
716RJ45-SG,25965,NSE
AFCONS-EQ,25977,NSE
717UP31-SG,2676,NSE
702TN29-SG,27000,NSE
HEXATRADEX-EQ,27008,NSE
SAGILITY-EQ,27052,NSE
734RL30-N0,27059,NSE
ACMESOLAR-EQ,27061,NSE
NIVABUPA-EQ,27097,NSE
713GA34-SG,27150,NSE
770SHFL29-N0,27158,NSE
707KA29-SG,27184,NSE
716AR44-SG,27205,NSE
892CIFL34-N0,27292,NSE
712KL35-SG,27315,NSE
699KA28-SG,2735,NSE
715RJ31A-SG,2744,NSE
708PN34-SG,27320,NSE
935TSI34-N0,27441,NSE
935TSI31-N0,27553,NSE
ETML-SM,27629,NSE
710TN34-SG,27664,NSE
708JK46-SG,27688,NSE
EASEMYTRIP-EQ,2792,NSE
DHANLAXMI-SM,27723,NSE
965SFL27-N0,27934,NSE
ARVEE-EQ,2814,NSE
DAMCAPITAL-EQ,28662,NSE
719AS34-SG,28813,NSE
711GJ33-SG,28815,NSE
717MP41-SG,28819,NSE
PROZONER-EQ,28859,NSE
IHF261224-N1,28861,NSE
925IHFL29-N1,28872,NSE
IHF261224A-N1,28874,NSE
888SCL26X-N1,28900,NSE
INTERISE-IV,2892,NSE
925SCL26W-N1,28901,NSE
1075SCL34T-N1,28931,NSE
98SCL34Z-N1,28932,NSE
93HFL34-N0,28975,NSE
ECAPINSURE-EQ,29019,NSE
725IOCL30-N0,29035,NSE
930PFL27-N0,29037,NSE
701GJ31-SG,29047,NSE
715BR40-SG,29063,NSE
RIIL-EQ,2912,NSE
DELTIC-SM,29092,NSE
PCJEWELLER-EQ,29124,NSE
686JH36-SG,2916,NSE
NAVKARURB-BE,29149,NSE
KKJEWELS-SM,29192,NSE
758LICH35-N0,29200,NSE
715BR37-SG,29235,NSE
DENTA-EQ,29256,NSE
684GJ31-SG,2928,NSE
863REC29-NC,2933,NSE
703OR31-SG,29278,NSE
708JK55-SG,29301,NSE
861REC34-ND,2935,NSE
686PN33-SG,2940,NSE
708AP35A-SG,29520,NSE
886REC34-NG,2953,NSE
718TS47-SG,29521,NSE
718TS49-SG,29522,NSE
790ABHFL27-N0,29557,NSE
JUBLCPL-EQ,29590,NSE
REPCOHOME-EQ,29598,NSE
742SIDBI29-N0,29600,NSE
UNIONGOLD-EQ,29687,NSE
706OR31A-SG,29698,NSE
834MLICL35-N0,29717,NSE
NIBL-EQ,29733,NSE
698GJ30-SG,29912,NSE
72AS40-SG,29931,NSE
737NBRD35-N0,29947,NSE
72OR32-SG,29996,NSE
732WB38-SG,30013,NSE
726HR39-SG,30014,NSE
73WB39-SG,30022,NSE
726TN55-SG,30025,NSE
718TN35-SG,30070,NSE
723MP47-SG,30087,NSE
70TN29-SG,30099,NSE
SAMMAANCAP-EQ,30125,NSE
CASHIETF-EQ,30139,NSE
745PFCL28-N0,30144,NSE
VALUEAXIS-EQ,30155,NSE
715RJ35-SG,30159,NSE
717OR40-SG,30164,NSE
718WB47-SG,30170,NSE
689TN28-SG,30175,NSE
716CG33-SG,30184,NSE
685RJ30-SG,302,NSE
687TN28-SG,30414,NSE
708HR39-SG,30440,NSE
699TN31-SG,30419,NSE
703KA33-SG,30428,NSE
708AP37-SG,30437,NSE
71WB46-SG,30450,NSE
71WB47-SG,30451,NSE
RAPIDFLEET-SM,30460,NSE
ACTIVEINFR-SM,30464,NSE
69ML30-SG,306,NSE
69UP30-SG,307,NSE
717IRFC35-N0,30487,NSE
805TFSIL28-N0,30496,NSE
69UK30A-SG,309,NSE
825ABHFL31-N0,30717,NSE
822ABHFL29-N0,30723,NSE
CMRGREEN-EQ,30893,NSE
SHREYANIND-EQ,3126,NSE
DBSTOCKBRO-BE,31111,NSE
SKFINDIA-EQ,3186,NSE
779MZ41-SG,31688,NSE
GENXAI-SM,31942,NSE
694TS50-SG,322,NSE
678AP39-SG,3200,NSE
MODISONLTD-BE,3325,NSE
BALKRISIND-EQ,335,NSE
TMPV-EQ,3456,NSE
TATAPOWER-EQ,3426,NSE
769IGT28-NH,3451,NSE
TNPETRO-EQ,3509,NSE
679HR31-SG,3517,NSE
NAM-INDIA-EQ,357,NSE
696TN56-SG,3580,NSE
BASF-EQ,368,NSE
HEALTHIETF-EQ,3626,NSE
684RJ31-SG,3713,NSE
VLSFINANCE-EQ,3715,NSE
VOLTAS-EQ,3718,NSE
VINEETLAB-EQ,3807,NSE
ARIHANTCAP-EQ,3813,NSE
BEML-EQ,395,NSE
PREMIERPOL-EQ,3908,NSE
AUSOMENT-EQ,4037,NSE
BEPL-EQ,419,NSE
672TN27-SG,420,NSE
BHARATFORG-EQ,422,NSE
NORBTEAEXP-EQ,4160,NSE
KHADIM-BE,433,NSE
IFGLEXPOR-EQ,436,NSE
SENSEXIETF-EQ,4378,NSE
707MP32-SG,460,NSE
713AP36-SG,4766,NSE
KIMS-EQ,4847,NSE
689MH31-SG,4881,NSE
695MH32-SG,4883,NSE
70MN31-SG,4885,NSE
MADRASFERT-EQ,4911,NSE
PHARMABEES-EQ,4973,NSE
715AP37-SG,5004,NSE
719AP38-SG,5005,NSE
695GJ31-SG,5033,NSE
698TN31-SG,5037,NSE
714AP36-SG,5044,NSE
SGBJUL29IV-GB,5113,NSE
STYLAMIND-EQ,5186,NSE
PDSL-EQ,5264,NSE
UGROCAP-EQ,5313,NSE
70TN31-SG,5336,NSE
DUGLOBAL-SM,5457,NSE
695TN31B-SG,5471,NSE
KOTHARIPRO-EQ,5528,NSE
687RJ31-SG,5561,NSE
70AP39A-SG,5567,NSE
SFMP50DR-MF,5593,NSE
LIKHITHA-EQ,578,NSE
698AP36-SG,5668,NSE
685MP31-SG,5677,NSE
686KL35-SG,5737,NSE
663MH30-SG,596,NSE
850SCL25A-NW,5863,NSE
694AP41-SG,5897,NSE
69TN31-SG,5997,NSE
DIGJAMLMTD-EQ,6127,NSE
663UP30-SG,614,NSE
ARTNIRMAN-EQ,6156,NSE
BHAGCHEM-EQ,6164,NSE
FCL-EQ,6198,NSE
708KA34A-SG,6212,NSE
CAMLINFINE-EQ,6216,NSE
GULPOLY-EQ,6286,NSE
702AP36-SG,6351,NSE
702AP37-SG,6352,NSE
RSSOFTWARE-EQ,6429,NSE
SHUBHLAXMI-SM,6451,NSE
696TN31-SG,6481,NSE
70WB31A-SG,6482,NSE
70GA31-SG,6483,NSE
SGBNV29VII-GB,6518,NSE
NHIT-IV,6531,NSE
693UP31-SG,6558,NSE
SJS-EQ,6643,NSE
699GS2051-GS,6696,NSE
699TS43-SG,6752,NSE
STEELCAS-EQ,6803,NSE
828GS2032-GS,6885,NSE
VISHNU-EQ,6908,NSE
AARTIIND-EQ,7,NSE
RPPL-BE,6915,NSE
TARSONS-EQ,6943,NSE
DMCC-EQ,6973,NSE
883GS2041-GS,7013,NSE
SHIVALIK-BE,7026,NSE
604AS26-SG,7038,NSE
688KA32-SG,7047,NSE
666TN29-SG,7050,NSE
STARHEALTH-EQ,7083,NSE
RATEGAIN-EQ,7177,NSE
679GS2029-GS,7195,NSE
668GS2031-GS,7205,NSE
717GS2028-GS,7208,NSE
JETFREIGHT-EQ,7211,NSE
RSWM-BE,7292,NSE
DCMSRIND-EQ,7325,NSE
GLENMARK-EQ,7406,NSE
MONQ50-EQ,7422,NSE
714AP41B-SG,7550,NSE
865MFL31-N0,751159,NSE
CLAYCRAFT-SM,754695,NSE
NRBBEARING-EQ,7553,NSE
RHEXHDDIR-SF,755276,NSE
776UP41-SG,755720,NSE
1075WCA28B-N0,755805,NSE
823GIL31A-N0,755830,NSE
681HR39-SG,755854,NSE
995ISF28A-N0,755875,NSE
ABCL26-N3,755942,NSE
797ABCL28-N9,755948,NSE
79ABCL28-NA,755949,NSE
80208ABC30-ND,755952,NSE
812ABCL28-NG,755955,NSE
ABCRESET27-NM,755961,NSE
1025UCL27A-NG,756002,NSE
TINNARUBR-EQ,756020,NSE
815ANN31-N0,756031,NSE
815ANN29-N0,756033,NSE
GROWWMOM50-EQ,756086,NSE
674UK35-SG,756092,NSE
677MH37-SG,756093,NSE
675MH40-SG,756097,NSE
675TR40-SG,756098,NSE
9TIAPL28-N0,756173,NSE
ATCENERGY-ST,756405,NSE
702RECL40-N0,756741,NSE
KRISHIVAL-EQ,756782,NSE
OSWALPUMPS-EQ,756802,NSE
664GJ36-SG,756811,NSE
685RJ51-SG,756817,NSE
717TCHFL30-N0,756825,NSE
688AP40-SG,756912,NSE
731SDIL40-N0,756880,NSE
686NHPCL34-N0,756886,NSE
684AP37-SG,756911,NSE
12VCCL29B-N0,756916,NSE
686NHPCL38-N0,756919,NSE
688PN45A-SG,757116,NSE
930APMD32-N0,757170,NSE
692TS44-SG,757391,NSE
1025VCCL28-N0,757413,NSE
665AP34-SG,757428,NSE
9SCL27-N2,757458,NSE
865SCL27-N4,757460,NSE
865SCL28-N9,757465,NSE
842HFL27-N0,757485,NSE
805MFL27-N0,757513,NSE
ABHF26625-N0,757529,NSE
730SICC28-N0,757531,NSE
705HR38-SG,757549,NSE
708MH39-SG,757550,NSE
704HR40-SG,757551,NSE
709RJ43-SG,757553,NSE
709KL52-SG,757557,NSE
674UK35A-SG,757561,NSE
714JK40-SG,757628,NSE
IWARE-ST,757644,NSE
712HR41-SG,757651,NSE
713TS55-SG,757656,NSE
950ISF27C-N0,757708,NSE
715MH46-SG,757738,NSE
694RJ35-SG,757748,NSE
591GS2028-GS,757753,NSE
RTL-SM,757777,NSE
PROFX-SM,757806,NSE
MMEL-ST,757813,NSE
GROWWNET-EQ,757814,NSE
MOMIDMTM-EQ,757817,NSE
716OR50-SG,757831,NSE
91PFL30-N0,757841,NSE
668GS2040-GS,757847,NSE
985CCSP27-N0,757848,NSE
AEL17725-NA,757870,NSE
915AEL28-NC,757872,NSE
INTEGRITY-ST,757905,NSE
682TN35-SG,757913,NSE
652RL28-N0,757917,NSE
698OR37-SG,757925,NSE
712MH47-SG,757928,NSE
PASHUPATI-EQ,757955,NSE
715MH49-SG,757929,NSE
724KL41-SG,758192,NSE
721TS48-SG,758195,NSE
FLYSBS-SM,758208,NSE
635LT28-N0,758336,NSE
SAWALIYA-SM,758444,NSE
MOSILVER-EQ,758457,NSE
TVSINVIT-IV,758598,NSE
AAFS29B-N0,758608,NSE
796TIL29-N0,758652,NSE
803TIL30-N0,758654,NSE
754TS51-SG,758664,NSE
MRIL-ST,758688,NSE
752KL33-SG,758715,NSE
777WB46-SG,758726,NSE
72MH36-SG,758815,NSE
73RJ51-SG,758819,NSE
718MH33-SG,758845,NSE
LAXMIINDIA-BE,758865,NSE
75MP44-SG,758884,NSE
773RJ55-SG,758919,NSE
754BR33-SG,758927,NSE
748AP33-SG,758928,NSE
763AP37-SG,758935,NSE
774TS51-SG,758937,NSE
CPEDU-EQ,758941,NSE
707GJ32A-SG,759026,NSE
727MH36-SG,759029,NSE
743MP43-SG,759031,NSE
IVALUE-EQ,759041,NSE
GKENERGY-EQ,759048,NSE
SHRINGARMS-EQ,759093,NSE
741SK35-SG,759185,NSE
747AS45-SG,759194,NSE
747WB46-SG,759195,NSE
699HP31-SG,759201,NSE
735TCHFL35-N0,759222,NSE
738HR41-SG,759232,NSE
960SCL35-N0,759289,NSE
708OR33-SG,759306,NSE
737GA36-SG,759320,NSE
756RJ41-SG,759326,NSE
MOENERGY-EQ,759374,NSE
728OR49-SG,759377,NSE
726MH41-SG,759389,NSE
SOLEX-EQ,759397,NSE
OMFREIGHT-BE,759412,NSE
692OIT28-N0,759505,NSE
710PFCL40-N0,759574,NSE
QSIFHRR-SF,759576,NSE
746TN55-SG,759596,NSE
LENSKART-EQ,759605,NSE
724SFL28-N0,759714,NSE
654TN29-SG,759716,NSE
PWL-EQ,759723,NSE
SHIVAUM-EQ,759747,NSE
724UP36-SG,759739,NSE
701NGEL35-N0,759774,NSE
113ESFB31B-N0,759791,NSE
716RJ35-SG,759856,NSE
675RJ30A-SG,759863,NSE
364D191126-TB,759866,NSE
726JCL30-N0,759872,NSE
677MH30-SG,759907,NSE
744KA36-SG,759917,NSE
714TN34A-SG,760013,NSE
364D261126-TB,760030,NSE
840CIFL32-N0,760031,NSE
MOMNC-EQ,760054,NSE
709TN32-SG,760064,NSE
768TS44-SG,760086,NSE
INVICTA-SM,760139,NSE
866CIFCL33-N0,760155,NSE
77AP47-SG,760162,NSE
8SMC30-N2,760219,NSE
MEESHO-EQ,760229,NSE
CORONA-EQ,760254,NSE
677TN29-SG,760274,NSE
AAFS30B-N0,760282,NSE
757ML34-SG,760288,NSE
76BR37-SG,760290,NSE
755AR45-SG,760296,NSE
364D101226-TB,760299,NSE
705SFL28-N0,760310,NSE
763HLICL35-N0,760342,NSE
SMALLADD-EQ,760359,NSE
915APSBC27-N0,760364,NSE
751UP39-SG,760384,NSE
850IIFL28-N0,760403,NSE
ASHWINI-SM,760418,NSE
753KA38-SG,760442,NSE
754MN38-SG,760443,NSE
754TR40-SG,760445,NSE
757WB46-SG,760477,NSE
702MP30-SG,760480,NSE
925IIFL32A-N0,760485,NSE
930IIFL35A-N0,760495,NSE
764UK32-SG,760505,NSE
758TS53-SG,760523,NSE
729NHPC36-N0,760541,NSE
76AP44A-SG,760584,NSE
759CG46-SG,760587,NSE
766MH52-SG,760610,NSE
765TS55-SG,760611,NSE
773CIFCL31-N0,760639,NSE
ADVAIT-EQ,760657,NSE
76HR39-SG,760669,NSE
762WB47-SG,760756,NSE
761TN56-SG,760789,NSE
738KA34A-SG,760881,NSE
786BR39-SG,760916,NSE
775TS53-SG,760938,NSE
ATLPP-E1,760953,NSE
636GS2031-GS,761020,NSE
778TR41-SG,761033,NSE
MARUSHIKA-SM,761042,NSE
KRISHNADEF-EQ,761192,NSE
758UK38-SG,761050,NSE
710BOB33-N0,761108,NSE
9IIFL31-Y9,761121,NSE
7545NIIF28-N0,761299,NSE
860AEL28-NH,761340,NSE
797TOPO35-N0,761358,NSE
790ABSLI36-N0,761362,NSE
772WB44-SG,761377,NSE
774MP47-SG,761379,NSE
SPCON-SM,761393,NSE
830TACA27A-N0,761428,NSE
745SFL29-N0,761430,NSE
771KL53-SG,761452,NSE
744MP35A-SG,761457,NSE
182D180926-TB,761480,NSE
BCPL-EQ,761494,NSE
779AP51-SG,761525,NSE
ARSIFHRMD-SF,761542,NSE
745GJ34-SG,761555,NSE
765RJ36-SG,761563,NSE
78PN36-SG,761565,NSE
783AP43-SG,761573,NSE
ISIFHLSDG-SF,761653,NSE
ISIFHLSG-SF,761655,NSE
SAIPARENT-EQ,761675,NSE
799AP40-SG,761758,NSE
87HMDA45-N0,761813,NSE
768NIIF31-N0,761828,NSE
87HMDA32-N0,761833,NSE
87HMDA31-N0,761837,NSE
SHREEDHAR-ST,762159,NSE
0HFL28-N0,762375,NSE
737CG31-SG,762421,NSE
786KL42-SG,762425,NSE
76UP33-SG,762428,NSE
182D151026-TB,762430,NSE
ABANSENT-EQ,762523,NSE
ACSTECH-EQ,762533,NSE
BEEKAY-EQ,762573,NSE
BIMETAL-EQ,762588,NSE
BNAGROCHEM-EQ,762608,NSE
BNALTD-BE,762616,NSE
COMFINTE-EQ,762628,NSE
DAICHI-EQ,762633,NSE
FERMENTA-EQ,762680,NSE
IWP-EQ,762727,NSE
NILE-EQ,762817,NSE
NITTAGELA-EQ,762824,NSE
PIONRINV-BE,762832,NSE
VELJAN-BE,762969,NSE
777MH44-SG,763066,NSE
781RJ49-SG,763068,NSE
925ICFL27A-N0,763140,NSE
925ICFL28-N0,763144,NSE
AMBAAUTO-SM,763256,NSE
AAFS31C-N0,763270,NSE
780TN41-SG,763286,NSE
KISSHT-EQ,763294,NSE
GRADIENTE-EQ,763299,NSE
VALUE360-SM,763304,NSE
694GS2036-GS,763340,NSE
364D130527-TB,763374,NSE
9189GFL28-N0,763494,NSE
NFPSAMPOOR-SM,763536,NSE
ENEXT50-EQ,763540,NSE
767NHPCL36-N0,763651,NSE
767NHPCL39-N0,763657,NSE
850HMDA35-N0,763697,NSE
850HMDA45-N0,763707,NSE
SIDBI29-N0,763745,NSE
717RECL31-N0,763758,NSE
1116AFL28-N0,763798,NSE
AAFS32A-N0,763829,NSE
INSIFHLSDR-SF,763855,NSE
76JK38-SG,764035,NSE
182D070127-TB,764048,NSE
GYFTR-EQ,764050,NSE
794GFL28-N0,764111,NSE
MOMMIDCAP-EQ,764198,NSE
PSIFHLSRG-SF,764208,NSE
731DL33-SG,764247,NSE
771WB47-SG,764251,NSE
91D221026-TB,764252,NSE
364D220727-TB,764254,NSE
CMLL-EQ,764255,NSE
689MP40-SG,767,NSE
840HFL28-N0,764351,NSE
725ULCE31-N0,764372,NSE
875IHFL29-ND,7671,NSE
71KA32-SG,7693,NSE
875SCFL27-Y9,7765,NSE
925SCFL27-YA,7769,NSE
733MP42-SG,7861,NSE
MHLXMIRU-EQ,7886,NSE
727SK32-SG,7900,NSE
LFIC-EQ,7902,NSE
728UP32-SG,7905,NSE
721KA32-SG,8012,NSE
721RJ32-SG,8013,NSE
726GS2029-GS,8027,NSE
DALBHARAT-EQ,8075,NSE
744KA35-SG,8120,NSE
DEVIT-EQ,8146,NSE
MEGASTAR-EQ,8153,NSE
709AS32-SG,8187,NSE
706GJ32-SG,8189,NSE
712AS32A-SG,8295,NSE
61RJ27-SG,837,NSE
H1861D46DQ-MF,8446,NSE
H1861D46RQ-MF,8465,NSE
GMRP&UI-EQ,8529,NSE
709HR29-SG,8569,NSE
INDOBORAX-EQ,8614,NSE
957ICCL25-YW,8625,NSE
SFMP61GD-MF,8648,NSE
734GA32-SG,8692,NSE
735UP34-SG,8702,NSE
SONAMLTD-EQ,8806,NSE
67TR30-SG,89,NSE
USHAMART-EQ,8840,NSE
CHOICEIN-EQ,8866,NSE
734AP40-SG,8932,NSE
E2E-BE,8940,NSE
HARDWYN-EQ,8962,NSE
EICHERMOT-EQ,910,NSE
EIHOTEL-EQ,919,NSE
BALAJITELE-EQ,9158,NSE
SNXT50BETA-EQ,9168,NSE
622GS2035-GS,953,NSE
CAMPUS-EQ,9362,NSE
PNCINFRA-EQ,9385,NSE
SAKAR-EQ,9539,NSE
PRUDENT-EQ,9553,NSE
KHFM-SM,9570,NSE
POLYCAB-EQ,9590,NSE
772GS2049-GS,9604,NSE
SOUTHWEST-EQ,9678,NSE
KPITTECH-EQ,9683,NSE
78TN32-SG,9776,NSE
WEWIN-BE,9865,NSE
804AP42-SG,9872,NSE
738GS2027-GS,9913,NSE
VIKASLIFE-EQ,9931,NSE
85PFL26A-N7,9982,NSE
